"YEAR";"MONTH";"MONEDA";"VMUSD";"VMUTM";"VMCLP";"VMCLF";"VMEUR"
2007;1;"CLF";33,9159807851724;0,570341819867885;18331,9267741935;1;26,0982414711904
2007;1;"CLP";0,001850104530906;3,11119407628648e-05;1;5,45496396705955e-05;0,00142364966828963
2007;1;"EUR";1,29955042459899;0,0218536494306515;702,42;0,0383167578974197;1
2007;1;"USD";1;0,016816315101736;540,51;0,0294846257383536;0,769496882207227
2007;1;"UTM";59,4660598323805;1;32142;1,75333451829228;45,7589476381652
2007;2;"CLF";33,85166768949;0,570542219094389;18356,6253571429;1;25,8943558083534
2007;2;"CLP";0,00184411170522243;3,10809970783863e-05;1;5,44762438925564e-05;0,00141062724245649
2007;2;"EUR";1,30729908633486;0,0220334586933549;708,9045;0,0386184544385308;1
2007;2;"USD";1;0,0168541835022068;542,2665;0,029540642108763;0,764935897571535
2007;2;"UTM";59,3324500038265;1;32174;1,75271867099911;45,3855208987952
2007;3;"CLF";34,1458340634246;0,569772011423419;18387,1125806452;1;25,7899386214385
2007;3;"CLP";0,00185705253686038;3,09875739828329e-05;1;5,43859181594738e-05;0,00140260949120341
2007;3;"EUR";1,32399826787645;0,0220928021499742;712,956818181818;0,0387748111648752;1
2007;3;"USD";1;0,0166864282877112;538,487727272727;0,0292861494653356;0,755287997169279
2007;3;"UTM";59,9289424170214;1;32271;1,75508796492438;45,2636108906251
2007;4;"CLF";34,5341182275943;0,570780154836573;18382,5456666667;1;25,577406043066
2007;4;"CLP";0,00187863633545682;3,10501148854251e-05;1;5,43994296618729e-05;0,00139139630097293
2007;4;"EUR";1,35018063088365;0,0223157951934422;718,7025;0,0390970060965622;1
2007;4;"USD";1;0,0165280072036267;532,301;0,0289568708084446;0,740641642404194
2007;4;"UTM";60,5033618197223;1;32206;1,75198803169028;44,8113092691343
2007;5;"CLF";35,3666598260425;0,570959302064576;18461,9690322581;1;26,1672178396374
2007;5;"CLP";0,00191564939602311;3,09262409154167e-05;1;5,41654033896779e-05;0,00141735790986954
2007;5;"EUR";1,35156362601415;0,0218196411083376;705,538095238095;0,0382157555353564;1
2007;5;"USD";1;0,0161439984684147;522,016190476191;0,0282752175330858;0,739883776651391
2007;5;"UTM";61,9425232204073;1;32335;1,75143831860524;45,8302680156314
2007;6;"CLF";35,2570813933515;0,570892936559173;18570,5763333333;1;26,2765854098965
2007;6;"CLP";0,0018985453526322;3,074179962495e-05;1;5,38486249457453e-05;0,00141495799259236
2007;6;"EUR";1,34176799775791;0,021726298438463;706,734761904762;0,0380566951299301;1
2007;6;"USD";1;0,0161922914205493;526,719047619048;0,0283630964470182;0,745285326279206
2007;6;"UTM";61,7577817757727;1;32529;1,75164192086015;46,0271685410368
2007;7;"CLF";35,9700934709355;0,571367083841001;18697,4164516129;1;26,229287505156
2007;7;"CLP";0,00192380019795904;3,05586114166972e-05;1;5,34833249603175e-05;0,00140282950711585
2007;7;"EUR";1,37137135211411;0,0217835533553355;712,845;0,0381253207813375;1
2007;7;"USD";1;0,0158845037281506;519,8045;0,0278008729893354;0,729197090531602
2007;7;"UTM";62,9544376780116;1;32724;1,75018832600143;45,9061927908592
2007;8;"CLF";36,0925200759435;0,571598141441536;18873,5990322581;1;26,4760533315869
2007;8;"CLP";0,00191232843371609;3,02855931433417e-05;1;5,29840651107845e-05;0,0014028089335974
2007;8;"EUR";1,36321375485688;0,0215892502663756;712,855454545454;0,0377699798182142;1
2007;8;"USD";1;0,0158370249635885;522,922727272727;0,0277065718297272;0,7335606733993
2007;8;"UTM";63,1431725528715;1;33019;1,74948084589299;46,3193481784526
2007;9;"CLF";36,9080050920873;0,571510404808979;19078,1603333333;1;26,5965518297075
2007;9;"CLP";0,00193456834659271;2,9956263854772e-05;1;5,24159553399288e-05;0,00139408367290205
2007;9;"EUR";1,38769887647098;0,0214881390816467;717,317058823529;0,0375988589198632;1
2007;9;"USD";1;0,0154847275918336;516,911176470588;0,0270943931405924;0,720617431458236
2007;9;"UTM";64,579760545958;1;33382;1,7497494211575;46,5373011688162
2007;10;"CLF";38,4678344252072;0,571555181085413;19289,4158064516;1;27,0574497426305
2007;10;"CLP";0,00199424569469549;2,96305075705947e-05;1;5,18419017990963e-05;0,00140270965249144
2007;10;"EUR";1,42170953992752;0,0211237639364399;712,905909090909;0,0369583981310864;1
2007;10;"USD";1;0,0148580025266742;501,442727272727;0,0259957446251437;0,703378553717085
2007;10;"UTM";67,303797950278;1;33749;1,7496123438177;47,3400480619335
2007;11;"CLF";38,3870858295807;0,570351348182884;19460,388;1;26,1456920543402
2007;11;"CLP";0,00197257556373392;2,93083235638921e-05;1;5,13864368994082e-05;0,00134353395494171
2007;11;"EUR";1,46819926394752;0,0218143527047396;744,305714285714;0,0382472186210118;1
2007;11;"USD";1;0,0148578964997488;506,951428571429;0,0260504275953506;0,681106457791921
2007;11;"UTM";67,3042782346012;1;34120;1,75330522700781;45,8413785426111
2007;12;"CLF";39,158152473564;0,571292113543259;19550,7587096774;1;26,8950843155773
2007;12;"CLP";0,00200289682129733;2,9220968967331e-05;1;5,11489101190232e-05;0,00137565425030101
2007;12;"EUR";1,45595946136834;0,0212415066946778;726,926842105263;0,0371815157099475;1
2007;12;"USD";1;0,0145893531092649;499,276842105263;0,0255374663213518;0,686832309918974
2007;12;"UTM";68,5431350184372;1;34222;1,75041800209321;47,0776397538013
2008;1;"CLF";40,9404205221359;0,570735718774313;19688,0993548387;1;27,8249850195452
2008;1;"CLP";0,00207945011777249;2,89888682745826e-05;1;5,07921045082613e-05;0,00141328954705355
2008;1;"EUR";1,47135462942309;0,0205116271715298;707,569090909091;0,03593892321227;1
2008;1;"USD";1;0,0139406413391803;480,896363636364;0,024425738359461;0,679645803943334
2008;1;"UTM";71,7327112626799;1;34496;1,75212443711698;48,7528362151592
2008;2;"CLF";42,2983283898332;0,570050309736098;19762,504137931;1;28,6987871428182
2008;2;"CLP";0,00214033242420166;2,88450444213684e-05;1;5,06008749205348e-05;0,0014521837385848
2008;2;"EUR";1,47387163713008;0,019863219546501;688,618095238095;0,0348446781051598;1
2008;2;"USD";1;0,0134768992401391;467,217142857143;0,0236415962064439;0,678485137245194
2008;2;"UTM";74,201044482223;1;34668;1,7542311317451;50,3443058492578
2008;3;"CLF";44,6723141936154;0,570763937739367;19787,2441935484;1;28,8283471998421
2008;3;"CLP";0,00225763192472152;2,88450444213684e-05;1;5,05376084824409e-05;0,00145691572398149
2008;3;"EUR";1,54959678693824;0,0197987048575055;686,3815;0,0346880795165905;1
2008;3;"USD";1;0,0127766816660898;442,942;0,0223852293764293;0,645329164611809
2008;3;"UTM";78,2675835662457;1;34668;1,75203781086926;50,5083543189902
2008;4;"CLF";44,5376775264707;0,571239041955162;19883,1173333333;1;28,2540464031948
2008;4;"CLP";0,00223997458647015;2,87298531904502e-05;1;5,02939244000505e-05;0,0014210068737978
2008;4;"EUR";1,5763291703745;0,0202179551135221;703,726363636364;0,0353931605310497;1
2008;4;"USD";1;0,0128259728320061;446,433636363636;0,0224528995569124;0,634385265967273
2008;4;"UTM";77,9667954312664;1;34807;1,75058062659256;49,4609862562799
2008;5;"CLF";42,5848968304616;0,570590280746758;20019,16;1;27,3730916141435
2008;5;"CLP";0,00212720697723889;2,85022089211914e-05;1;4,99521458442812e-05;0,00136734466451857
2008;5;"EUR";1,55572112316528;0,0208449337323643;731,3445;0,0365322271264129;1
2008;5;"USD";1;0,0133988884138521;470,1;0,0234825037613966;0,642788726790179
2008;5;"UTM";74,6330567964263;1;35085;1,7525710369466;47,973287554634
2008;6;"CLF";40,8070477509826;0,571834322214336;20142,864;1;26,2260125996418
2008;6;"CLP";0,00202588111357861;2,8388928317956e-05;1;4,96453731703694e-05;0,00130200018228003
2008;6;"EUR";1,55597605987347;0,0218040893575315;768,049047619048;0,0381300815821944;1
2008;6;"USD";1;0,0140131264997127;493,612380952381;0,0245055708538955;0,642683409975677
2008;6;"UTM";71,3616622258066;1;35225;1,74875826992626;45,8629564208139
2008;7;"CLF";40,6097414753179;0,572146878800602;20395,8919354839;1;25,7673251012493
2008;7;"CLP";0,00199107455578674;2,80520646319569e-05;1;4,90294811898e-05;0,00126335858136316
2008;7;"EUR";1,57601696395522;0,0222043567406561;791,540909090909;0,0388088401132299;1
2008;7;"USD";1;0,0140889071935694;502,241363636364;0,0246246334911486;0,634510936665537
2008;7;"UTM";70,9778257646857;1;35648;1,74780294545399;45,0362067084341
2008;8;"CLF";40,0197299722645;0,571491432886412;20678,274516129;1;26,6698065840827
2008;8;"CLP";0,0019353515178962;2,76372882292789e-05;1;4,83599344432729e-05;0,00128975009802101
2008;8;"EUR";1,50056318729171;0,0214284056048421;775,344;0,037495585010985;1
2008;8;"USD";1;0,0142802421026449;516,702;0,024987674846708;0,666416455147651
2008;8;"UTM";70,026823972038;1;36183;1,74980750796094;46,6670277966941
2008;9;"CLF";39,4144588842573;0,571235440984846;20896,3636666667;1;27,38438067331
2008;9;"CLP";0,00188618744930871;2,73365955003964e-05;1;4,78552161491702e-05;0,00131048545623241
2008;9;"EUR";1,4393043740687;0,0208598999480605;763,076;0,0365171669182442;1
2008;9;"USD";1;0,0144930428364451;530,17;0,0253713999458056;0,694780074330735
2008;9;"UTM";68,998623083162;1;36581;1,75059166195279;47,9388684744377
2008;10;"CLF";34,1178801184829;0,571615035701488;21098,3109677419;1;25,593211868345
2008;10;"CLP";0,00161709058941482;2,70929287455974e-05;1;4,73971590204041e-05;0,00121304553276684
2008;10;"EUR";1,33308317431943;0,022334634614911;824,371363636363;0,0390728606141401;1
2008;10;"USD";1;0,0167541193566661;618,394545454545;0,0293101446082596;0,750140740851018
2008;10;"UTM";59,686813655301;1;36910;1,74942913944311;44,7735106144241
2008;11;"CLF";32,7186094361444;0,571238985957766;21316,354;1;25,6808071802903
2008;11;"CLP";0,00153490645896312;2,67981562868475e-05;1;4,69123378228753e-05;0,0012047467020059
2008;11;"EUR";1,27404910626234;0,0222438096258977;830,05;0,0389395860098777;1
2008;11;"USD";1;0,0174591462107407;651,5055;0,0305636461094613;0,784899102463707
2008;11;"UTM";57,276569422668;1;37316;1,75058079819842;44,9563279320523
2008;12;"CLF";33,0420010143172;0,569816117380561;21454,7164516129;1;24,6118226085469
2008;12;"CLP";0,00154008099285941;2,65590141293955e-05;1;4,66097980020064e-05;0,00114715208024558
2008;12;"EUR";1,34252556341938;0,0231521300329332;871,724;0,040630879553501;1
2008;12;"USD";1;0,0172452060979496;649,3165;0,0302645109043698;0,744864773712781
2008;12;"UTM";57,9871295431427;1;37652;1,75495211437154;43,1925701254067
2009;1;"CLF";34,3160806124672;0,568383572005619;21379,1796774193;1;25,7936231742349
2009;1;"CLP";0,00160511680664304;2,65858456957516e-05;1;4,67744794275806e-05;0,00120648329652602
2009;1;"EUR";1,33040947294079;0,0220358174641154;828,855238095238;0,0387692722827281;1
2009;1;"USD";1;0,0165631844272776;623,007619047619;0,0291408570603688;0,751648285989397
2009;1;"UTM";60,3748635650714;1;37614;1,75937526918902;45,3806627155296
2009;2;"CLF";34,9150209359484;0,569341357187064;21158,4328571428;1;27,2478506371625
2009;2;"CLP";0,00165017046260879;2,69084842450825e-05;1;4,72624795395662e-05;0,00128780098323605
2009;2;"EUR";1,28138624219882;0,0208949089147808;776,5175;0,0367001424558651;1
2009;2;"USD";1;0,0163064876355515;605,998;0,0286409680760181;0,78040482023908
2009;2;"UTM";61,3252849019304;1;37163;1,7564155271289;47,8585479400014
2009;3;"CLF";35,4245397247074;0,569747752540587;21004,3206451613;1;27,1906350586743
2009;3;"CLP";0,00168653584770275;2,71252644713286e-05;1;4,76092522530772e-05;0,00129452580342979
2009;3;"EUR";1,30282134449105;0,0209538229361373;772,483636363636;0,0367773683050107;1
2009;3;"USD";1;0,0160834200519819;592,931363636364;0,0282290188601247;0,767564949890083
2009;3;"UTM";62,1758305614095;1;36866;1,75516269356194;47,7239882692425
2009;4;"CLF";35,9413314944691;0,570824686583694;20960,1116666667;1;27,2274238006104
2009;4;"CLP";0,00171474904647705;2,72338571311855e-05;1;4,77096694856985e-05;0,00129901139047416
2009;4;"EUR";1,32004157858164;0,0209650641487021;769,816190476191;0,0367276760123586;1
2009;4;"USD";1;0,0158821240852342;583,175714285714;0,0278231205806576;0,757551895505049
2009;4;"UTM";62,9638702375907;1;36719;1,75185135384536;47,6983992468208
2009;5;"CLF";37,1294783460077;0,569761035170093;21004,8103225806;1;27,2412872505182
2009;5;"CLP";0,00176766549070394;2,71252644713286e-05;1;4,76081423560858e-05;0,0012969070813857
2009;5;"EUR";1,36298545676476;0,0209153491878125;771,065263157895;0,0367089848142538;1
2009;5;"USD";1;0,0153452475109001;565,717894736842;0,0269327780660167;0,733683543750819
2009;5;"UTM";65,1667559802915;1;36866;1,75512177609946;47,8117764623651
2009;6;"CLF";37,901482003809;0,569758416684787;20962,5516666667;1;27,041425485112
2009;6;"CLP";0,00180805670065813;2,71798217003696e-05;1;4,77041161735161e-05;0,00128998730283926
2009;6;"EUR";1,40160813728833;0,0210698366104433;775,201428571429;0,0369802990064471;1
2009;6;"USD";1;0,0150326157860404;553,08;0,0263841925732483;0,713466177454339
2009;6;"UTM";66,522022130614;1;36792;1,755129842256;47,4612128460621
2009;7;"CLF";38,7348367154661;0,570664033163844;20933,0980645161;1;27,5286497092994
2009;7;"CLP";0,0018504110856446;2,72613270814023e-05;1;4,77712375357907e-05;0,00131507766430252
2009;7;"EUR";1,40707361692285;0,0207298229005061;760,411363636363;0,0363257918771872;1
2009;7;"USD";1;0,0147325787728438;540,420454545455;0,0258165539032909;0,71069486910494
2009;7;"UTM";67,876779443615;1;36682;1,75234453528787;48,2396788819449
2009;8;"CLF";38,3123719969068;0,569483425569374;20952,4341935484;1;26,8621607173959
2009;8;"CLP";0,00182854038070211;2,71798217003696e-05;1;4,77271514499216e-05;0,00128205441283129
2009;8;"EUR";1,42625801401359;0,0212002091551994;779,998095238095;0,037227087222079;1
2009;8;"USD";1;0,0148642173764483;546,884285714286;0,0261012291298679;0,701135411808087
2009;8;"UTM";67,2756576867919;1;36792;1,75597735614552;47,1693459568888
2009;9;"CLF";38,0183306173458;0,569648273980079;20874,761;1;26,1434661906767
2009;9;"CLP";0,00182125824661398;2,72888525037522e-05;1;4,79047400830122e-05;0,00125239595273338
2009;9;"EUR";1,45421920490803;0,0217893170639794;798,469523809524;0,0382504750023018;1
2009;9;"USD";1;0,0149835162336186;549,070952380952;0,0263031012609415;0,687654238525369
2009;9;"UTM";66,7400084471692;1;36645;1,75546920034198;45,8940496879148
2009;10;"CLF";38,2301876986194;0,571737974153246;20867,2925806452;1;25,8179297960461
2009;10;"CLP";0,00183206266701214;2,73987615759768e-05;1;4,79218852247043e-05;0,0012372438684256
2009;10;"EUR";1,48076116096939;0,0221449968556659;808,248095238095;0,0387327724530858;1
2009;10;"USD";1;0,0149551443131913;545,832857142857;0,0261573395318724;0,675328355685224
2009;10;"UTM";66,8666232206091;1;36498;1,74905296693126;45,1569267097974
2009;11;"CLF";41,374934472181;0,56993254301965;21009,4233333333;1;27,7705113776556
2009;11;"CLP";0,00196935126755888;2,71274719908852e-05;1;4,75976891004624e-05;0,0013218121667145
2009;11;"EUR";1,48988738124108;0,0205229401529214;756,537142857143;0,0360094197186664;1
2009;11;"USD";1;0,0137748264810631;507,781428571429;0,0241692225681315;0,671191670317386
2009;11;"UTM";72,5961957760229;1;36863;1,75459361331034;48,7259619015967
2009;12;"CLF";41,8582279132451;0,569400439115014;20989,8083870968;1;28,6374355509882
2009;12;"CLP";0,00199421677136305;2,71274719908852e-05;1;4,76421690735747e-05;0,00136434954635378
2009;12;"EUR";1,46166118257055;0,0198830805957193;732,95;0,0349193278224766;1
2009;12;"USD";1;0,0136030708298294;501,45;0,023890165681944;0,684153080019101
2009;12;"UTM";73,512812842756;1;36863;1,75623327855918;50,2940173272392
2010;1;"CLF";41,7443287643872;0,569803429755446;20899,82;1;29,2036827698185
2010;1;"CLP";0,00199735350660375;2,72635568036206e-05;1;4,78473020341802e-05;0,00139731742999789
2010;1;"EUR";1,42942001847552;0,0195113552714087;715,657;0,0342422566318753;1
2010;1;"USD";1;0,0136498405081927;500,6625;0,0239553498546877;0,699584437796319
2010;1;"UTM";73,2609292687189;1;36679;1,7549911913117;51,2522060148926
2010;2;"CLF";39,2023938953282;0,570907306344562;20877,5092857143;1;28,627779095134
2010;2;"CLP";0,00187773327549915;2,73455659164866e-05;1;4,78984339709653e-05;0,00137122578672365
2010;2;"EUR";1,369382995623;0,0199424239109628;729,2745;0,0349311064849587;1
2010;2;"USD";1;0,0145630725477864;532,557;0,0255086463002754;0,73025589130019
2010;2;"UTM";68,6668281517284;1;36569;1,75159783188423;50,1443557946973
2010;3;"CLF";40,0757492984061;0,570475989017934;20966,1335483871;1;29,52058218343
2010;3;"CLP";0,00191145158957976;2,72094035698737e-05;1;4,7695966339818e-05;0,00140801269415271
2010;3;"EUR";1,35755281008316;0,0193246862637467;710,220869565217;0,0338746706886189;1
2010;3;"USD";1;0,0142349425526679;523,162608695652;0,0249527461745992;0,736619594149524
2010;3;"UTM";70,2496688202355;1;36752;1,75292215492099;51,7472825355003
2010;4;"CLF";40,3741186176669;0,570228057801168;21019,7466666667;1;30,0582063869181
2010;4;"CLP";0,00192077094257718;2,71282079105854e-05;1;4,75743126621888e-05;0,00142999850871584
2010;4;"EUR";1,34319786410271;0,0189707945464551;699,301428571429;0,0332687848079724;1
2010;4;"USD";1;0,0141236038661572;520,624285714286;0,0247683425481001;0,744491952172678
2010;4;"UTM";70,80345848528;1;36862;1,7536843133536;52,7126050282833
2010;5;"CLF";39,5056191235962;0,57087327307585;21064,6529032258;1;31,3998978956964
2010;5;"CLP";0,00187544600450295;2,71010054473021e-05;1;4,74728923659056e-05;0,00149064397310282
2010;5;"EUR";1,25814482756681;0,0181807366053281;670,851;0,0318472373165601;1
2010;5;"USD";1;0,0144504322610369;533,2065;0,0253128547833013;0,794821055644249
2010;5;"UTM";69,2020821201542;1;36899;1,75170225540955;55,003271963521
2010;6;"CLF";39,4295906931925;0,570628140477667;21160,6033333333;1;32,2979289241962
2010;6;"CLP";0,00186334907715419;2,69665345306475e-05;1;4,72576317530959e-05;0,00152632363148733
2010;6;"EUR";1,22080864026094;0,0176676387460305;655,169047619048;0,0309617375884075;1
2010;6;"USD";1;0,0144720787217349;536,668095238095;0,0253616632183973;0,819129196027198
2010;6;"UTM";69,0985738281087;1;37083;1,75245475830005;56,6006592264447
2010;7;"CLF";39,9161863194537;0,570070414786152;21224,2916129032;1;31,3063757544382
2010;7;"CLP";0,00188068403164923;2,68593376487336e-05;1;4,7115824557935e-05;0,0014750257075909
2010;7;"EUR";1,27501779933101;0,018209403070406;677,954285714286;0,0319423751840145;1
2010;7;"USD";1;0,014281685385067;531,721428571429;0,025052493542266;0,784302776419817
2010;7;"UTM";70,0197471823323;1;37231;1,75416926411648;54,9166821193169
2010;8;"CLF";41,7436548000494;0,5710576947237;21261,0490322581;1;32,3104640279347
2010;8;"CLP";0,00196338641318753;2,68593376487336e-05;1;4,70343678001383e-05;0,00151970224888302
2010;8;"EUR";1,29195466719262;0,0176740790299384;658,023636363636;0,0309497257339117;1
2010;8;"USD";1;0,0136801077303615;509,324090909091;0,0239557366212892;0,774020966364845
2010;8;"UTM";73,098839549385;1;37231;1,75113654756695;56,5800344281637
2010;9;"CLF";43,2133791425153;0,569886100283014;21344,514;1;33,1210774022056
2010;9;"CLP";0,00202456608487386;2,66994179526886e-05;1;4,68504459740803e-05;0,00155173724743537
2010;9;"EUR";1,30470934317003;0,0172061462060127;644,439;0,0301922545530903;1
2010;9;"USD";1;0,0131877236076254;493,933;0,0231409813313154;0,766454233837492
2010;9;"UTM";75,8280981428655;1;37454;1,7547366035132;58,1187668654442
2010;10;"CLF";44,1219559519907;0,570779531815364;21356,8577419355;1;31,7823625715588
2010;10;"CLP";0,00206593856105313;2,67258198145228e-05;1;4,6823367561064e-05;0,0014881572446471
2010;10;"EUR";1,388252866748;0,0179590025924045;671,972;0,0314639919467433;1
2010;10;"USD";1;0,0129364059117513;484,0415;0,0226644530693087;0,720329864934849
2010;10;"UTM";77,3012231389251;1;37417;1,75198994403233;55,6823796229605
2010;11;"CLF";44,4129548360344;0,570210778963807;21421,1083333333;1;32,4898397765076
2010;11;"CLP";0,00207332665261412;2,66191071951447e-05;1;4,66829252921476e-05;0,00151672076304055
2010;11;"EUR";1,36697980481111;0,0175504337013108;659,317142857143;0,0307788529238322;1
2010;11;"USD";1;0,0128388390520049;482,316666666667;0,0225159529171576;0,73153970269384
2010;11;"UTM";77,8886623587546;1;37567;1,75373745445011;56,9786489051443
2010;12;"CLF";45,168792412489;0,570273985528692;21445,1532258065;1;34,2083040439363
2010;12;"CLP";0,00210624712898457;2,65922084829145e-05;1;4,66305831192024e-05;0,00159515316508772
2010;12;"EUR";1,32040431921078;0,0166706301720263;626,899047619048;0,0292326681473488;1
2010;12;"USD";1;0,0126253980916925;474,778095238095;0,0221391794331766;0,757343781333366
2010;12;"UTM";79,2054232854647;1;37605;1,75354307819761;59,9857347731236
2011;1;"CLF";43,8594796357837;0,570268721511861;21466,625483871;1;32,8651044651056
2011;1;"CLP";0,00204314738097694;2,65653640783147e-05;1;4,65839403007871e-05;0,00153098606438161
2011;1;"EUR";1,3345303582513;0,0173518000564198;653,173809523809;0,0304274097488948;1
2011;1;"USD";1;0,0130021770948371;489,440952380952;0,0228000881064747;0,749327277432901
2011;1;"UTM";76,9101968621148;1;37643;1,75355926474253;57,6309084215169
2011;2;"CLF";45,1931115547097;0,570525103595218;21497,9564285714;1;33,0939919128628
2011;2;"CLP";0,00210220500282747;2,65385738170431e-05;1;4,6516049249731e-05;0,00153940175768893
2011;2;"EUR";1,36559867645173;0,0172395371672726;649,603;0,030216965140773;1
2011;2;"USD";1;0,012624160717603;475,691;0,0221272659836538;0,732279561516803
2011;2;"UTM";79,2131867115417;1;37681;1,75277125177911;58,0061976314765
2011;3;"CLF";44,9416342779948;0,570364411828469;21556,3525806452;1;32,1053663495069
2011;3;"CLP";0,00208484408992023;2,6459226332222e-05;1;4,63900372875637e-05;0,00148936914208452
2011;3;"EUR";1,39981689630167;0,0177653917921179;671,425217391304;0,0311474408705932;1
2011;3;"USD";1;0,0126912254303075;479,652173913043;0,0222510822328871;0,714379146759845
2011;3;"UTM";78,7945975344452;1;37794;1,75326506924618;56,2892173559424
2011;4;"CLF";45,8995162522278;0,571253234750462;21633,36;1;31,8133670387944
2011;4;"CLP";0,00212170075532547;2,64061262212833e-05;1;4,62249044993473e-05;0,00147056985317095
2011;4;"EUR";1,44277454807774;0,0179563902825455;680,0085;0,0314333279712444;1
2011;4;"USD";1;0,0124457354106153;471,32;0,0217867219886324;0,693108983196534
2011;4;"UTM";80,3488076041755;1;37870;1,75053713339028;55,690480339584
2011;5;"CLF";46,5526070600189;0,57040283497118;21773,9874193548;1;32,4381458119161
2011;5;"CLP";0,00213799182315309;2,61965263406072e-05;1;4,59263606954738e-05;0,00148976598485043
2011;5;"EUR";1,43511923677579;0,0175843230460368;671,246363636364;0,0308279026118888;1
2011;5;"USD";1;0,0122528655427563;467,728636363636;0,0214810740612385;0,696806212595023
2011;5;"UTM";81,6135618652229;1;38173;1,75314696682832;56,8688369396956
2011;6;"CLF";46,5447647258728;0,570640061289873;21848,6666666667;1;32,3368908315778
2011;6;"CLP";0,00213032517892195;2,61178437108232e-05;1;4,57693833338419e-05;0,00148003955229508
2011;6;"EUR";1,4393704381876;0,0176467200963127;675,657619047619;0,0309244325686214;1
2011;6;"USD";1;0,0122600267645713;469,411904761905;0,0214846934105165;0,694748185365792
2011;6;"UTM";81,5658904505638;1;38288;1,75241814908614;56,6677543782741
2011;7;"CLF";47,3590791157562;0,570335755422428;21924,2767741935;1;33,1401265011758
2011;7;"CLP";0,00216012047300467;2,60138914180172e-05;1;4,56115387658795e-05;0,00151157216461453
2011;7;"EUR";1,42905547189375;0,0172098243319075;661,562857142857;0,0301748999046374;1
2011;7;"USD";1;0,0120427965676528;462,937142857143;0,021115275437594;0,699762899109036
2011;7;"UTM";83,0371911027724;1;38441;1,75335316169917;58,1063455799471
2011;8;"CLF";47,0534409667013;0,570229427716242;21964,0970967742;1;32,8275114950968
2011;8;"CLP";0,00214228887986531;2,59618879484916e-05;1;4,55288462618783e-05;0,00149459872402031
2011;8;"EUR";1,43335387983123;0,0173704737808533;669,075909090909;0,0304622542025265;1
2011;8;"USD";1;0,0121187614763346;466,790454545455;0,0212524308415123;0,697664417748496
2011;8;"UTM";82,516683074652;1;38518;1,75368010031503;57,5689536518142
2011;9;"CLF";45,4674994117688;0,570385351557434;21992,348;1;32,9526741979975
2011;9;"CLP";0,00206742360623653;2,59356277718702e-05;1;4,54703608727909e-05;0,00149836998750645
2011;9;"EUR";1,37978177851592;0,0173092280198642;667,391904761905;0,0303465507531031;1
2011;9;"USD";1;0,0125449025993674;483,693809523809;0,0219937320709826;0,724752287333137
2011;9;"UTM";79,7136519856619;1;38557;1,7532007041722;57,7726516082861
2011;10;"CLF";43,094057661049;0,570821931876819;22053,134516129;1;31,5032461743189
2011;10;"CLP";0,00195410124712799;2,58839364290521e-05;1;4,53450279037943e-05;0,00142851557683459
2011;10;"EUR";1,3679243536553;0,0181194639028072;700,027368421052;0,0317427605544723;1
2011;10;"USD";1;0,0132459546131986;511,744210526316;0,023205055505921;0,731034576091762
2011;10;"UTM";75,4947475815426;1;38634;1,75185980803519;55,1892707954276
2011;11;"CLF";43,5847162034206;0,570739674281643;22160,1093333333;1;32,0878215678798
2011;11;"CLP";0,00196680961938488;2,57552733922271e-05;1;4,51261311466454e-05;0,0014479992442823
2011;11;"EUR";1,35829464493935;0,0177868002997423;690,608095238095;0,0311644714766492;1
2011;11;"USD";1;0,0130949498814644;508,437619047619;0,022943822677031;0,736217288145644
2011;11;"UTM";76,3653170918566;1;38827;1,7521122940308;56,2214666577488
2011;12;"CLF";43,0416920679706;0,570460876732214;22259,9538709677;1;32,6882083676786
2011;12;"CLP";0,00193359304864091;2,56272263652905e-05;1;4,49237229239831e-05;0,00146847601559102
2011;12;"EUR";1,31673451122911;0,017451579796471;680,978095238095;0,030592071267778;1
2011;12;"USD";1;0,0132536814731018;517,171904761905;0,0232332873535924;0,75945453808038
2011;12;"UTM";75,4507343510171;1;39021;1,75296859221674;57,3014026043772
2012;1;"CLF";44,5728227750656;0,570957093098202;22346,1187096774;1;34,5574001750948
2012;1;"CLP";0,00199465613488227;2,55506157698401e-05;1;4,47505006570528e-05;0,00154646095924162
2012;1;"EUR";1,28981990975088;0,0165219921118281;646,637727272727;0,0289373620391933;1
2012;1;"USD";1;0,0128095340961354;501,339545454545;0,0224351956582702;0,775302034369392
2012;1;"UTM";78,0668518070225;1;39138;1,75144509471573;60,5253890227984
2012;2;"CLF";46,6211259049062;0,570125195193275;22447,5393103448;1;35,2546454567595
2012;2;"CLP";0,00207689249411053;2,53981154598329e-05;1;4,45483126758199e-05;0,0015705349690829
2012;2;"EUR";1,32241085680716;0,0161716332076731;636,725714285714;0,0283650562087348;1
2012;2;"USD";1;0,0122289023297328;481,488571428571;0,0214495034298338;0,75619463864234
2012;2;"UTM";81,7734881706137;1;39373;1,75400071498506;61,8366733377009
2012;3;"CLF";46,3385009713337;0,57070175941174;22492,4977419355;1;35,0804709810836
2012;3;"CLP";0,00206017586410331;2,53729828478636e-05;1;4,44592686625274e-05;0,00155965208415599
2012;3;"EUR";1,32092014945639;0,0162683608130426;641,168636363636;0,0285058886620772;1
2012;3;"USD";1;0,0123159305426128;485,395454545454;0,021580326921206;0,757048032321663
2012;3;"UTM";81,1956511560396;1;39412;1,75222869652753;61,4690079407559
2012;4;"CLF";46,4355622039186;0,570324227108078;22567,7296666667;1;35,2565687652971
2012;4;"CLP";0,00205760893496104;2,52716704574172e-05;1;4,43110589665134e-05;0,00156225589751601
2012;4;"EUR";1,31707547926856;0,0161763962597928;640,1;0,0283635088444652;1
2012;4;"USD";1;0,0122820571139752;486,001;0,0215352189687845;0,75925792844868
2012;4;"UTM";81,4195855564083;1;39570;1,75338860330494;61,8184658647086
2012;5;"CLF";45,4828051291647;0,570227772900752;22608,9609677419;1;35,5264434901919
2012;5;"CLP";0,002011715849926;2,52213170571767e-05;1;4,42302501838445e-05;0,0015713434837134
2012;5;"EUR";1,28025213505319;0,0160507981345834;636,398095238095;0,028148046968903;1
2012;5;"USD";1;0,0125372164553481;497,088095238095;0,0219863308157917;0,781096139283886
2012;5;"UTM";79,7625217337159;1;39649;1,75368518953925;62,3021977857525
2012;6;"CLF";44,7492670596401;0,570094652590558;22626,4866666667;1;35,7173573635876
2012;6;"CLP";0,00197773820208529;2,51958981077881e-05;1;4,41959909521968e-05;0,0015785640028775
2012;6;"EUR";1,25287172295843;0,0159612775040223;633,487142857143;0,0279975920340473;1
2012;6;"USD";1;0,012739753968054;505,628095238095;0,0223467347223193;0,798166309986372
2012;6;"UTM";78,4944515025631;1;39689;1,75409468490174;62,651626710205
2012;7;"CLF";45,960335855098;0,569666024306727;22609,4748387097;1;37,3854617256572
2012;7;"CLP";0,0020327909508278;2,51958981077881e-05;1;4,42292449131945e-05;0,00165353074285695
2012;7;"EUR";1,2293638685638;0,0152376351130036;604,7665;0,0267483656437955;1
2012;7;"USD";1;0,0123947315377057;491,9345;0,0217578914817499;0,813428819221964
2012;7;"UTM";80,6794400474047;1;39689;1,75541450135978;65,6269816532496
2012;8;"CLF";46,9070613990203;0,570179917989353;22562,0193548387;1;37,8404993875599
2012;8;"CLP";0,00207902761988193;2,52716704574172e-05;1;4,43222738298705e-05;0,00167717697571448
2012;8;"EUR";1,2395994280784;0,0150679807935305;596,24;0,026426712548322;1
2012;8;"USD";1;0,0121555241574195;480,994090909091;0,0213187518078224;0,806712214727443
2012;8;"UTM";82,267122918728;1;39570;1,75383237544798;66,3658929290219
2012;9;"CLF";47,520833890642;0,57040824698846;22571,0543333333;1;37,0631309794497
2012;9;"CLP";0,0021053883079118;2,52716704574172e-05;1;4,43045320449733e-05;0,00164206467416607
2012;9;"EUR";1,2821591871715;0,015390179726174;608,989411764706;0,0269809909085788;1
2012;9;"USD";1;0,012003329914225;474,971764705882;0,0210434017698693;0,779934356049849
2012;9;"UTM";83,31021534407;1;39570;1,75313033301959;64,9764991567515
2012;10;"CLF";47,648586302579;0,571271959834646;22650,3619354839;1;36,7518169165287
2012;10;"CLP";0,00210365672911977;2,52213170571767e-05;1;4,4149404890233e-05;0,00162257084549954
2012;10;"EUR";1,29649607285537;0,0155440467373934;616,305909090909;0,0272095391166977;1
2012;10;"USD";1;0,0119892740617097;475,362727272727;0,0209869815160891;0,771309702309877
2012;10;"UTM";83,4078856528699;1;39649;1,75047975449285;64,3333114532113
2012;11;"CLF";47,4716002473449;0,570821464911842;22813,4506666667;1;37,0113299296496
2012;11;"CLP";0,00208086014434927;2,50212680778662e-05;1;4,38337897502339e-05;0,0016223468545128
2012;11;"EUR";1,28262346523559;0,015422884451784;616,391;0,0270187534979364;1
2012;11;"USD";1;0,0120244833108142;480,5705;0,0210652262571648;0,779652039046644
2012;11;"UTM";83,1636565290628;1;39966;1,75186124115785;64,8387143874586
2012;12;"CLF";47,9674497232738;0,569234282156571;22886,6335483871;1;36,5931602455349
2012;12;"CLP";0,00209587179441925;2,48719096652241e-05;1;4,36936257089009e-05;0,00159888784727423
2012;12;"EUR";1,31083102419739;0,01555575627623;625,434736842105;0,0273275112969239;1
2012;12;"USD";1;0,0118670949871321;477,128421052631;0,0208474706445526;0,762874834010196
2012;12;"UTM";84,2666213664202;1;40206;1,75674591525207;64,2848847875078
2013;1;"CLF";48,2617703107777;0,570224350988385;22811,8251612903;1;36,3216705059953
2013;1;"CLP";0,00211564703698824;2,49968753905762e-05;1;4,38369132206446e-05;0,00159222991800016
2013;1;"EUR";1,32873212158047;0,0156992875890514;628,05;0,0275317733482258;1
2013;1;"USD";1;0,0118152390042154;472,668636363636;0,0207203339943931;0,75259714411852
2013;1;"UTM";84,6364597147146;1;40005;1,75369571339189;63,6971578695964
2013;2;"CLF";48,3092084878122;0,570393424036281;22818,5889285714;1;36,132604611818
2013;2;"CLP";0,00211709885475537;2,49968753905762e-05;1;4,38239193111493e-05;0,00158347234900997
2013;2;"EUR";1,33699767860111;0,0157861142357205;631,5235;0,0276758349070946;1
2013;2;"USD";1;0,011807136607924;472,3445;0,0206999872550652;0,747944454956942
2013;2;"UTM";84,6945396844888;1;40005;1,75317589204253;63,346811322144
2013;3;"CLF";48,3768332418015;0,570220273853545;22857,2796774194;1;37,2787812292524
2013;3;"CLP";0,00211647378535569;2,49469876512411e-05;1;4,37497381190071e-05;0,00163093691617555
2013;3;"EUR";1,29770426088502;0,0152961082699264;613,1445;0,0268249113041095;1
2013;3;"USD";1;0,011787052513409;472,484;0,020671051265421;0,770591597902289
2013;3;"UTM";84,838851685983;1;40085;1,7537082525004;65,376106284897
2013;4;"CLF";48,4998523156786;0,570681320872274;22898,588;1;37,2747182951129
2013;4;"CLP";0,00211802807735039;2,49221183800623e-05;1;4,36708149864961e-05;0,00162781732633964
2013;4;"EUR";1,30114604573785;0,0153101444350043;614,319545454546;0,0268278352121338;1
2013;4;"USD";1;0,0117666610025489;472,137272727273;0,0206186194855016;0,768553232956197
2013;4;"UTM";84,9858766036842;1;40125;1,75229145133316;65,316170219378
2013;5;"CLF";47,8200814494317;0,569271987547103;22933,6912903226;1;36,8488537397846
2013;5;"CLP";0,00208514542399943;2,4822518989227e-05;1;4,36039705663071e-05;0,00160675633387172
2013;5;"EUR";1,29773592924009;0,0154488384243138;622,371904761905;0,0271378862165346;1
2013;5;"USD";1;0,0119044545783363;479,582857142857;0,0209117167869626;0,770572793330584
2013;5;"UTM";84,002168551241;1;40286;1,75662955823425;64,7297856663563
2013;6;"CLF";45,451865167586;0,570215957756434;22857,1066666667;1;34,4385758865804
2013;6;"CLP";0,00198852224957545;2,49469876512411e-05;1;4,3750069270943e-05;0,00150669008063052
2013;6;"EUR";1,31979514243785;0,0165574778595485;663,7065;0,0290372053505751;1
2013;6;"USD";1;0,012545490831982;502,886;0,0220012973353874;0,75769334788796
2013;6;"UTM";79,7099143742319;1;40085;1,75372152672575;60,3956718820744
2013;7;"CLF";45,3275689972716;0,571004422054747;22888,7122580645;1;34,6722735432198
2013;7;"CLP";0,00198034596644034;2,49469876512411e-05;1;4,36896575362235e-05;0,00151481975710554
2013;7;"EUR";1,3073145878585;0,0164686178234887;660,144545454546;0,028841489115315;1
2013;7;"USD";1;0,0125972875820699;504,962272727273;0,0220616287641677;0,764926827320187
2013;7;"UTM";79,3821680647609;1;40085;1,75129992233952;60,7215499635755
2013;8;"CLF";44,8757245684954;0,570420660328004;23002,7835483871;1;33,6847222717721
2013;8;"CLP";0,00195088235621997;2,47978971383227e-05;1;4,34729996000905e-05;0,00146437591784991
2013;8;"EUR";1,33222783333148;0,0169341060830423;682,884761904762;0,0296870489811936;1
2013;8;"USD";1;0,0127111186685655;512,588571428571;0,0222837627607252;0,750622359765086
2013;8;"UTM";78,6712818969265;1;40326;1,75309218187325;59,0524232632153
2013;9;"CLF";45,7179723989394;0,570324556415379;23067,9173333328;1;34,3288756166578
2013;9;"CLP";0,00198188556592742;2,47237125126709e-05;1;4,3350250720511e-05;0,00148816536493535
2013;9;"EUR";1,33176434059364;0,0166135518909519;671,968333333333;0,0291299957262439;1
2013;9;"USD";1;0,0124748436225184;504,57;0,0218732360060482;0,75088359818543
2013;9;"UTM";80,1613254850665;1;40447;1,75338759089251;60,1918245155402
2013;10;"CLF";46,1924396766106;0,570802105752453;23133,4677419354;1;33,8870886230052
2013;10;"CLP";0,00199677973885752;2,46742992499013e-05;1;4,32274145474195e-05;0,00146485122771179
2013;10;"EUR";1,36312800991855;0,0168442356350716;682,663181818182;0,029509764356715;1
2013;10;"USD";1;0,0123570460826185;500,806363636364;0,0216485642888948;0,733606816618604
2013;10;"UTM";80,9254892564174;1;40528;1,75192065677782;59,3674905567034
2013;11;"CLF";44,7219618038838;0,570127879665775;23221,8786666667;1;33,1259850569482
2013;11;"CLP";0,00192585459797785;2,45513245439591e-05;1;4,306283803969e-05;0,00142649892941255
2013;11;"EUR";1,35005681271064;0,0172108958778326;701,017;0,0301877815340694;1
2013;11;"USD";1;0,0127482752694508;519,25;0,0223603786521091;0,740709569097469
2013;11;"UTM";78,4419836302359;1;40731;1,75399245619461;58,1027278939027
2013;12;"CLF";43,9458883892737;0,570665470927234;23267,1725806452;1;32,0890888399911
2013;12;"CLP";0,00188875069529635;2,45266359266163e-05;1;4,29790081512461e-05;0,00137915721082004
2013;12;"EUR";1,36949629852082;0,0177837854409889;725,0805;0,0311632407198096;1
2013;12;"USD";1;0,012985639654665;529,4505;0,0227552573551814;0,730195474847276
2013;12;"UTM";77,0081433486228;1;40772;1,75234012034261;56,2309977995547
2014;1;"CLF";43,5169875890826;0,57090284755139;23369,9080645161;1;31,9366344354326
2014;1;"CLP";0,00186209494144981;2,44289727616954e-05;1;4,27900699155234e-05;0,00136657082035867
2014;1;"EUR";1,36260405513494;0,0178761117958626;731,758636363636;0,0313120032112881;1
2014;1;"USD";1;0,0131190801381347;537,029545454545;0,0229795317967018;0,733888906488664
2014;1;"UTM";76,224856428248;1;40935;1,75161151199195;55,9405765313824
2014;2;"CLF";42,3553416453237;0,570218339247989;23482,1614285714;1;31,0291484994882
2014;2;"CLP";0,00180372414925096;2,42830431509677e-05;1;4,25855176509974e-05;0,00132139235112038
2014;2;"EUR";1,36501785235977;0,0183768606881814;756,7775;0,0322277615841277;1
2014;2;"USD";1;0,0134627255287633;554,4085;0,023609772962613;0,732591151296121
2014;2;"UTM";74,2791641903037;1;41181;1,75371420238573;54,4162584114882
2014;3;"CLF";41,7714212920046;0,570790718545788;23552,5374193548;1;30,1935331452986
2014;3;"CLP";0,00177354229602786;2,42347866127039e-05;1;4,24582702999222e-05;0,00128196519159275
2014;3;"EUR";1,38345589073628;0,0189044029991125;780,052380952381;0,0331196748385741;1
2014;3;"USD";1;0,013664622866329;563,843333333333;0,0239398126534758;0,722827526844962
2014;3;"UTM";73,1816757609974;1;41263;1,75195560738569;52,8977297006916
2014;4;"CLF";42,7034106148465;0,57115098828844;23685,0603333333;1;30,9341171560972
2014;4;"CLP";0,00180296820079228;2,41143987074682e-05;1;4,22207073119693e-05;0,00130606030640175
2014;4;"EUR";1,38046320828747;0,0184634649635011;765,661428571429;0,0323267670757786;1
2014;4;"USD";1;0,0133748330652042;554,640952380952;0,0234173333137081;0,724394532209624
2014;4;"UTM";74,7672883186549;1;41469;1,75085051152005;54,1610148461741
2014;5;"CLF";42,9608638021097;0,570812891495882;23860,5496774194;1;31,2628398444223
2014;5;"CLP";0,00180049765755255;2,39228726585488e-05;1;4,1910182854939e-05;0,00131023133444441
2014;5;"EUR";1,37418302418789;0,0182585105619483;763,224;0,0319868573992779;1
2014;5;"USD";1;0,0132868113203033;555,402;0,0232769993779988;0,727705103613094
2014;5;"UTM";75,262602583354;1;41801;1,7518875535193;54,7689800111108
2014;6;"CLF";43,3696930429909;0,570393489013602;23986,187;1;31,9019594269794
2014;6;"CLP";0,00180811118678391;2,37800818034814e-05;1;4,16906613794014e-05;0,0013300137878096
2014;6;"EUR";1,35946800202853;0,0178795754009775;751,871904761905;0,0313460369821141;1
2014;6;"USD";1;0,0131518913091728;553,063333333333;0,023057576151363;0,73558185886527
2014;6;"UTM";76,0346916266371;1;42052;1,75317569232659;55,9297398049693
2014;7;"CLF";43,0820478742756;0,570172877161156;24048,7516129032;1;31,7962563378782
2014;7;"CLP";0,00179144633233935;2,37090426288586e-05;1;4,15822000283564e-05;0,00132215829119455
2014;7;"EUR";1,35494089041397;0,0179320757482358;756,339090909091;0,031450243367447;1
2014;7;"USD";1;0,0132345815785049;558,208181818182;0,0232115242738288;0,738039575803542
2014;7;"UTM";75,5596234054092;1;42178;1,75385403279602;55,7659924060036
2014;8;"CLF";41,5869809898404;0,570370073806941;24081,024516129;1;31,2165302074865
2014;8;"CLP";0,00172696061839006;2,36854571293226e-05;1;4,15264724027924e-05;0,00129631238017212
2014;8;"EUR";1,33221023327784;0,0182714116532449;771,419;0,0320343098144897;1
2014;8;"USD";1;0,0137151113216485;579,052;0,0240459868977817;0,750632276363429
2014;8;"UTM";72,9122773084283;1;42220;1,7532476648459;54,7303086908671
2014;9;"CLF";40,6662027270215;0,570491915658094;24134,09;1;31,4627572374566
2014;9;"CLP";0,00168501081776945;2,36384266263238e-05;1;4,14351649471764e-05;0,00130366453582698
2014;9;"EUR";1,29251872047019;0,0181322924546142;767,0685;0,0317836098232832;1
2014;9;"USD";1;0,0140286497730711;593,468;0,0245904444708709;0,773683184748168
2014;9;"UTM";71,2826976349188;1;42304;1,75287321792535;55,1502245236247
2014;10;"CLF";41,0823898896518;0,571228309186604;24237,7883870968;1;32,3920633488903
2014;10;"CLP";0,00169497271093935;2,35676745775494e-05;1;4,12578897063216e-05;0,0013364281770087
2014;10;"EUR";1,26828567378247;0,0176348231674526;748,263181818182;0,0308717598267558;1
2014;10;"USD";1;0,0139044566472626;589,98;0,0243413297689356;0,788465895871591
2014;10;"UTM";71,9193870978677;1;42431;1,75061351812893;56,705983978656
2014;11;"CLF";41,2486850718629;0,571385909126335;24438,1753333333;1;33,0554278837852
2014;11;"CLP";0,00168787908709372;2,33808744447042e-05;1;4,09195852947341e-05;0,00135261440074448
2014;11;"EUR";1,24786420000017;0,0172856909048398;739,309;0,0302522176846646;1
2014;11;"USD";1;0,0138522211830722;592,4595;0,0242431970439255;0,801369251557874
2014;11;"UTM";72,1905885549983;1;42770;1,75013066305578;57,8513179198414
2014;12;"CLF";40,1645631330857;0,569878787697758;24617,6238709677;1;32,5368488562005
2014;12;"CLP";0,00163153695675938;2,31492198712903e-05;1;4,06213046897401e-05;0,00132168925103174
2014;12;"EUR";1,23443309801132;0,0175148733737673;756,6075;0,0307343837880425;1
2014;12;"USD";1;0,0141885966942914;612,919;0,0248975694491308;0,810088454053125
2014;12;"UTM";70,4791334580916;1;43198;1,75475911998739;57,0943322660693
2015;1;"CLF";39,6211333356918;0,569497176541925;24601,1390322581;1;34,0011438280132
2015;1;"CLP";0,00161054060479634;2,31492198712903e-05;1;4,06485243910356e-05;0,0013820963242161
2015;1;"EUR";1,16528824842205;0,0167493534753593;723,538571428572;0,0294107752685693;1
2015;1;"USD";1;0,0143735710868449;620,909523809524;0,0252390559231977;0,858156770527915
2015;1;"UTM";69,5721330459924;1;43198;1,75593495664396;59,7037970134873
2015;2;"CLF";39,3488201616261;0,570333825848759;24538,6128571429;1;34,6560473308362
2015;2;"CLP";0,0016035470460659;2,32423009877978e-05;1;4,07520997956049e-05;0,00141230669934744
2015;2;"EUR";1,13540992675799;0,0164569785008716;708,0615;0,0288549929094257;1
2015;2;"USD";1;0,014494305636258;623,6175;0,0254137225942857;0,880739173080305
2015;2;"UTM";68,9926116569852;1;43025;1,7533590937059;60,7644957394238
2015;3;"CLF";39,1055001809564;0,570677330972476;24577,9312903226;1;36,0839329957335
2015;3;"CLP";0,00159108184163384;2,32190953840438e-05;1;4,0686906810328e-05;0,00146814361914753
2015;3;"EUR";1,08373719088715;0,0158152752096051;681,132272727273;0,0277131653059615;1
2015;3;"USD";1;0,0145932753278114;628,503181818182;0,025571850388631;0,922732936000283
2015;3;"UTM";68,5247127554861;1;43068;1,75230370250721;63,2300093894458
2015;4;"CLF";40,1566892963821;0,570893293246994;24685,426;1;37,2044882744208
2015;4;"CLP";0,00162673673512388;2,31267345050879e-05;1;4,05097323416659e-05;0,00150714386190543
2015;4;"EUR";1,07935066866626;0,0153447425223558;663,506666666667;0,0268784774735776;1
2015;4;"USD";1;0,0142166424386591;614,727619047619;0,0249024513106486;0,92648295779136
2015;4;"UTM";70,3400964267566;1;43240;1,75164082645363;65,1689005887909
2015;5;"CLF";40,8702154950726;0,570877810316737;24832,6138709677;1;36,591250848116
2015;5;"CLP";0,00164582817207393;2,2989034230672e-05;1;4,0269623052816e-05;0,00147351587868466
2015;5;"EUR";1,11693955652727;0,0156014838816621;678,648947368421;0,0273289372957167;1
2015;5;"USD";1;0,0139680646016061;607,596842105263;0,0244676957996603;0,895303594680763
2015;5;"UTM";71,591879657044;1;43499;1,75168833317444;64,0964672069041
2015;6;"CLF";39,6115446916036;0,570271153260207;24955,0656666667;1;35,298834388143
2015;6;"CLP";0,00158731478493019;2,28519195612431e-05;1;4,00720243880478e-05;0,00141449575247133
2015;6;"EUR";1,12217713072444;0,0161555236354139;706,965714285714;0,0283295473443708;1
2015;6;"USD";1;0,0143965896230521;629,994761904762;0,02524516546339;0,89112491479347
2015;6;"UTM";69,4608949885449;1;43760;1,75355178722097;61,8983341281452
2015;7;"CLF";38,4976879653425;0,57080982838074;25028,8693548387;1;34,9749281336135
2015;7;"CLP";0,00153813132425416;2,28060572888159e-05;1;3,99538623108708e-05;0,00139738346298299
2015;7;"EUR";1,10072243231698;0,0163205432817502;715,623181818182;0,0285919100728309;1
2015;7;"USD";1;0,0148271197193611;650,139545454545;0,0259755858819431;0,908494249449463
2015;7;"UTM";67,4439823058966;1;43848;1,75189695460706;61,2724700848783
2015;8;"CLF";36,5413349123912;0,570600829967857;25144,6667741935;1;32,8287520785735
2015;8;"CLP";0,00145324395191008;2,26927179068237e-05;1;3,97698648775222e-05;0,00130559503426254
2015;8;"EUR";1,11308936827485;0,0173811306808788;765,934285714286;0,0304611030479187;1
2015;8;"USD";1;0,0156152157915382;688,115714285714;0,0273662689772425;0,898400459569452
2015;8;"UTM";64,0401012288216;1;44067;1,75253863555777;57,5336563748475
2015;9;"CLF";36,5240688103173;0,571045348039991;25264,7593333333;1;32,5256847860138
2015;9;"CLP";0,00144565275007899;2,26024455846123e-05;1;3,95808242938867e-05;0,00128739341455355
2015;9;"EUR";1,12293004899386;0,0175567509737887;776,763333333333;0,0307449330146004;1
2015;9;"USD";1;0,0156347681581052;691,729047619047;0,0273792058927871;0,890527420560163
2015;9;"UTM";63,960014621745;1;44243;1,75117440923443;56,9581468400929
2015;10;"CLF";37,1019816667249;0,570702715070054;25426,5180645161;1;33,0383696385557
2015;10;"CLP";0,00145918452430584;2,24451776535811e-05;1;3,93290185255663e-05;0,00129936665156926
2015;10;"EUR";1,12299674810306;0,0172739369803541;769,605714285714;0,0302678373945245;1
2015;10;"USD";1;0,0153820008913942;685,314285714286;0,0269527382386924;0,890474528701153
2015;10;"UTM";65,0110481113983;1;44553;1,75222576236955;57,8906824273654
2015;11;"CLF";36,2899828531424;0,570578754987791;25548,2343333333;1;33,7793647365777
2015;11;"CLP";0,00142044974144433;2,23333928890477e-05;1;3,91416481840891e-05;0,00132218001040115
2015;11;"EUR";1,07432401811412;0,0168913405991305;756,326666666667;0,0296038722989115;1
2015;11;"USD";1;0,0157227617686346;704,002380952381;0,0275558135159992;0,930817875370053
2015;11;"UTM";63,6020576229112;1;44776;1,75260643909077;59,2019321457219
2015;12;"CLF";36,3870320050342;0,570017365035286;25625,1306451613;1;33,4662582108296
2015;12;"CLP";0,00141997449725803;2,22444666889111e-05;1;3,90241912850043e-05;0,00130599366201276
2015;12;"EUR";1,08727518253772;0,0170325992659326;765,7005;0,0298808427790234;1
2015;12;"USD";1;0,0156653987320654;704,238;0,0274823184221689;0,919730364548541
2015;12;"UTM";63,8349535242347;1;44955;1,75433251921737;58,7109450757836
2016;1;"CLF";35,499911350956;0,570105438772105;25629,09;1;32,6845585801926
2016;1;"CLP";0,00138514131211666;2,22444666889111e-05;1;3,90181625644922e-05;0,00127529142003062
2016;1;"EUR";1,08613709020594;0,017442653764876;784,1345;0,0305954873934268;1
2016;1;"USD";1;0,016059348237126;721,948;0,02816908442711;0,920694090108265
2016;1;"UTM";62,2690276862046;1;44955;1,75406149808674;57,3307257874765
2016;2;"CLF";36,4459621059022;0,570816295222425;25661,0465517241;1;32,848622316366
2016;2;"CLP";0,00142028354270116;2,22444666889111e-05;1;3,89695719535184e-05;0,00128009675093158
2016;2;"EUR";1,10951265337371;0,0173771761179169;781,190952380952;0,0304426770282471;1
2016;2;"USD";1;0,0156619900323604;704,084761904762;0,0274378817904235;0,901296616094717
2016;2;"UTM";63,8488466621308;1;44955;1,75187710717042;57,546749438129
2016;3;"CLF";37,7857273270241;0,570438803924089;25772,4251612903;1;34,0190841228246
2016;3;"CLP";0,00146613006306359;2,21336874723329e-05;1;3,88011602998844e-05;0,00131997993630497
2016;3;"EUR";1,11072147593981;0,0167681999275625;757,587272727273;0,0293952652102432;1
2016;3;"USD";1;0,0150966739104189;682,067727272727;0,0264650192212869;0,900315715201129
2016;3;"UTM";66,2397562492128;1;45180;1,75303642234878;59,6366935222585
2016;4;"CLF";38,5979427205873;0,570615492688381;25858,0116666667;1;34,0361965608927
2016;4;"CLP";0,00149268796140051;2,20672610115632e-05;1;3,86727337310738e-05;0,00131627276681789
2016;4;"EUR";1,13402631964278;0,0167649605521439;759,720952380952;0,0293804861013464;1
2016;4;"USD";1;0,0147835727105742;669,932380952381;0,0259081165863957;0,881813748657089
2016;4;"UTM";67,6426476588256;1;45316;1,75249360175734;59,6482167011196
2016;5;"CLF";38,0634073968307;0,570462072295444;25954,3129032258;1;33,6445561542671
2016;5;"CLP";0,0014665542308423;2,19794711739236e-05;1;3,85292418924221e-05;0,00129629924243094
2016;5;"EUR";1,13133926398976;0,0169555535130188;771,426818181818;0,0297224904800288;1
2016;5;"USD";1;0,014987152000032;681,870454545455;0,0262719516824777;0,883908153663313
2016;5;"UTM";66,7238178406322;1;45497;1,75296491837953;58,9777266328804
2016;6;"CLF";38,2132818645119;0,570332712437637;26025,9926666667;1;33,9558471847901
2016;6;"CLP";0,00146827375055148;2,19139657703855e-05;1;3,84231261726578e-05;0,00130468980068068
2016;6;"EUR";1,1253814889834;0,0167963034270312;766,465714285714;0,0294500088470163;1
2016;6;"USD";1;0,0149249864081236;681,071904761905;0,026168911729319;0,888587567673017
2016;6;"UTM";67,0017360589155;1;45633;1,75336251663689;59,5369096744612
2016;7;"CLF";39,6812675714915;0,570665246739907;26093,0977419355;1;35,8944310973883
2016;7;"CLP";0,00152075725021019;2,18703525500831e-05;1;3,83243112753474e-05;0,00137562935042782
2016;7;"EUR";1,1054992754678;0,0158984340827574;726,94;0,027859474838501;1
2016;7;"USD";1;0,0143812252396366;657,567142857143;0,025200807867298;0,904568661591249
2016;7;"UTM";69,5351045086107;1;45724;1,75234080875398;62,8992764189617
2016;8;"CLF";39,7362274519576;0,570323065496372;26181,8209677419;1;35,4586827156376
2016;8;"CLP";0,00151770297035167;2,17831703226088e-05;1;3,81944403802959e-05;0,00135432454294625
2016;8;"EUR";1,1206346205984;0,0160841582883973;738,375454545454;0,0282018372769102;1
2016;8;"USD";1;0,0143527229953047;658,890454545454;0,0251659521832824;0,892351513703918
2016;8;"UTM";69,6731902599342;1;45907;1,75339217453824;62,1729767930334
2016;9;"CLF";39,2177725962306;0,570061798444894;26222,2726666667;1;34,9854208915929
2016;9;"CLP";0,00149559014562775;2,17396030348486e-05;1;3,81355198579406e-05;0,00133418721314975
2016;9;"EUR";1,12097472595091;0,0162942672666797;749,52;0,0285833348439236;1
2016;9;"USD";1;0,0145358025381504;668,632380952381;0,0254986434414716;0,892080772964538
2016;9;"UTM";68,7956511087309;1;45999;1,75419577794541;61,3712776176753
2016;10;"CLF";39,5198484276133;0,570405899426986;26238,1009677419;1;35,8158670247672
2016;10;"CLP";0,00150620079083469;2,17396030348486e-05;1;3,81125143633465e-05;0,00136503274641715
2016;10;"EUR";1,10341733177323;0,0159260670426474;732,583157894737;0,0279205861276089;1
2016;10;"USD";1;0,014433403014482;663,922105263158;0,0253037407729853;0,906275414754423
2016;10;"UTM";69,2837301776049;1;45999;1,75313754819958;62,7901413024424
2016;11;"CLF";39,464801583018;0,570354291871877;26288,1996666667;1;36,5875883702234
2016;11;"CLP";0,0015012363753863;2,16962096721703e-05;1;3,80398814935964e-05;0,00139178752573978
2016;11;"EUR";1,07863905058952;0,0155887369809828;718,500476190476;0,0273316729673783;1
2016;11;"USD";1;0,014452227529184;666,117619047619;0,025339035289368;0,927094192865962
2016;11;"UTM";69,19348577793;1;46091;1,75329617792135;64,1488788488724
2016;12;"CLF";39,4716034895689;0,570214029320941;26334,194516129;1;37,4600406450984
2016;12;"CLP";0,00149887263365483;2,16529891951584e-05;1;3,79734416933666e-05;0,00142248666926779
2016;12;"EUR";1,05369889647287;0,0152219276728295;702,994285714286;0,0266951125193413;1
2016;12;"USD";1;0,0144461835575449;667,168095238095;0,0253346687641983;0,949037721636971
2016;12;"UTM";69,222434840081;1;46183;1,75372745772475;65,6947018467941
2017;1;"CLF";39,8154994430851;0,569788618930025;26340,7580645161;1;37,4861845261936
2017;1;"CLP";0,00151155480588544;2,16314434662225e-05;1;3,79639795312918e-05;0,00142312474205864
2017;1;"EUR";1,06213795685885;0,0151999630298966;702,679090909091;0,0266764946243395;1
2017;1;"USD";1;0,0143107238864231;661,570454545455;0,0251158471948711;0,941497282478618
2017;1;"UTM";69,8776671212782;1;46229;1,75503680975209;65,7896337006289
2017;2;"CLF";40,9461208650858;0,570841925755281;26336,9339285714;1;38,4313596837747
2017;2;"CLP";0,0015547034053446;2,16745778875956e-05;1;3,79694919200582e-05;0,00145921920098993
2017;2;"EUR";1,06543513427585;0,0148535448772135;685,298;0,0260204168738321;1
2017;2;"USD";1;0,0139412944057914;643,2095;0,0244223379131547;0,938583652659135
2017;2;"UTM";71,729351012384;1;46137;1,75179844871573;67,3239962760726
2017;3;"CLF";39,9920943278457;0,570282891148512;26442,8770967742;1;37,431148890722
2017;3;"CLP";0,00151239572689026;2,15665976535542e-05;1;3,78173674649795e-05;0,00141554751223679
2017;3;"EUR";1,06841749486772;0,0152355166231584;706,440434782609;0,0267157175142938;1
2017;3;"USD";1;0,0142598906292196;661,202608695652;0,0250049420218465;0,935963707823608
2017;3;"UTM";70,1267650644478;1;46368;1,75351569461617;65,6361070473956
2017;4;"CLF";40,4736970392726;0,570638097902901;26512,4166666667;1;37,8323465855769
2017;4;"CLP";0,00152659403132266;2,15234282516519e-05;1;3,77181760747323e-05;0,00142696710983509
2017;4;"EUR";1,06981725142851;0,0150833387141904;700,787;0,0264324074568834;1
2017;4;"USD";1;0,0140989862465293;655,053;0,0247074043922816;0,934739086198802
2017;4;"UTM";70,9270852892819;1;46461;1,75242417860814;66,2983188900479
2017;5;"CLF";39,6151464190362;0,570307574321068;26603,1374193548;1;35,8598312621274
2017;5;"CLP";0,00148911558041326;2,14376058481789e-05;1;3,75895513463935e-05;0,00134795496850074
2017;5;"EUR";1,10472205319256;0,0159037997181929;741,864545454545;0,0278863554234325;1
2017;5;"USD";1;0,0143962000869197;671,539545454546;0,0252428702249974;0,905205066840186
2017;5;"UTM";69,4627744795372;1;46647;1,75343980165522;62,8780554156542
2017;6;"CLF";40,0677778557325;0,570201454856654;26651,216;1;35,6760051326738
2017;6;"CLP";0,00150341274693554;2,13949507916132e-05;1;3,75217400962117e-05;0,0013386257922593
2017;6;"EUR";1,12310158345158;0,0159827719705769;747,034761904762;0,0280300441790259;1
2017;6;"USD";1;0,0142309228355441;665,153333333333;0,0249577104974622;0,890391407807248
2017;6;"UTM";70,2695117917673;1;46740;1,75376613209694;62,5673695301997
2017;7;"CLF";40,4817638170829;0,569473151144135;26643,9403225806;1;35,1722361701848
2017;7;"CLP";0,00151936100017364;2,13734584393101e-05;1;3,7531986181207e-05;0,00132008388190152
2017;7;"EUR";1,15095792093535;0,0161909850823438;757,527619047619;0,0284315161299779;1
2017;7;"USD";1;0,0140673996745128;658,171428571428;0,0247024809620081;0,868841494385243
2017;7;"UTM";71,0863431151242;1;46787;1,75600903746013;61,7627645825266
2017;8;"CLF";41,2645830334742;0,570480042918455;26584,37;1;34,9179518837645
2017;8;"CLP";0,00155221218458343;2,14592274678112e-05;1;3,76160879494229e-05;0,0013134767490734
2017;8;"EUR";1,18175840240678;0,0163377292235661;761,338181818182;0,0286385640065265;1
2017;8;"USD";1;0,0138249317206399;644,241818181818;0,0242338568934234;0,846196648962592
2017;8;"UTM";72,3330878015878;1;46600;1,75290969844311;61,2080165068205
2017;9;"CLF";42,5729185124357;0,570345248038607;26631,1306666667;1;35,7617438077899
2017;9;"CLP";0,00159861475824317;2,14164864112394e-05;1;3,75500391822142e-05;0,00134285488120682
2017;9;"EUR";1,19045980367328;0,0159484741880615;744,682105263158;0,0279628422309253;1
2017;9;"USD";1;0,0133969027251915;625,541578947369;0,0234891107995778;0,840011562687293
2017;9;"UTM";74,6441189066485;1;46693;1,75332397953513;62,7019229681899
2017;10;"CLF";42,3426315353528;0,56975709579513;26656,655483871;1;35,9800849456161
2017;10;"CLP";0,00158844501557867;2,13739152737999e-05;1;3,75140835130298e-05;0,00134975991145575
2017;10;"EUR";1,17683522980431;0,0158353460436883;740,8725;0,0277931528375072;1
2017;10;"USD";1;0,0134558735519172;629,5465;0,0236168599763356;0,849736628097277
2017;10;"UTM";74,3169884988639;1;46786;1,75513391124061;63,1498672173687
2017;11;"CLF";42,0697001003823;0,57102744938462;26662,4136666667;1;35,8419684860434
2017;11;"CLP";0,00157786540357289;2,14169450869528e-05;1;3,7505981735262e-05;0,00134428821539338
2017;11;"EUR";1,17375528960592;0,0159318104865522;743,888095238095;0,0279002533130788;1
2017;11;"USD";1;0,0135733662950317;633,767619047619;0,0237700767444005;0,851966341583635
2017;11;"UTM";73,6736914236253;1;46692;1,75122929918285;62,7675053531477
2017;12;"CLF";42,0458374233852;0,57012666434087;26779,9896774194;1;35,5377178151697
2017;12;"CLP";0,00157004681218522;2,1289278719237e-05;1;3,73413138707515e-05;0,00132702507518645
2017;12;"EUR";1,18313273919457;0,0160428609205036;753,565263157895;0,0281391170136744;1
2017;12;"USD";1;0,0135596458360412;636,923684210526;0,0237835672038206;0,845213699927503
2017;12;"UTM";73,748238861964;1;46972;1,75399619513694;62,3330218316578
2018;1;"CLF";44,2786187188708;0,570236959801425;26811,9716129032;1;36,3434559223592
2018;1;"CLP";0,00165144955985116;2,12679980433442e-05;1;3,72967722940133e-05;0,00135549359991374
2018;1;"EUR";1,21833814630792;0,0156902238746812;737,738636363636;0,0275152699329504;1
2018;1;"USD";1;0,0128783818533707;605,528636363636;0,0225842636679589;0,820790191155404
2018;1;"UTM";77,6495068546416;1;47019;1,75365693649221;63,7339535743442
2018;2;"CLF";45,0106112608019;0,570774831391784;26864,0882142857;1;36,4249686133781
2018;2;"CLP";0,00167549372611374;2,124675986912e-05;1;3,72244161805656e-05;0,00135589819102843
2018;2;"EUR";1,23570761964282;0,0156698784685335;737,5185;0,0274536955848665;1
2018;2;"USD";1;0,0126808949135257;596,839;0,0222169833287926;0,809252920435216
2018;2;"UTM";78,8587877132694;1;47066;1,7520043719545;63,816704258944
2018;3;"CLF";44,6789768224113;0,569994626042824;26961,3158064516;1;36,2371448407332
2018;3;"CLP";0,00165715119926454;2,11412020887508e-05;1;3,70901779118921e-05;0,0013440421491618
2018;3;"EUR";1,23296073735337;0,0157295677832241;744,024285714285;0,0275959931279113;1
2018;3;"USD";1;0,0127575577280658;603,445238095238;0,0223818912410365;0,811055834710977
2018;3;"UTM";78,384908876412;1;47301;1,75440250541041;63,5745376975022
2018;4;"CLF";44,9268714268723;0,570404973820145;26980,7256666667;1;36,5735497942801
2018;4;"CLP";0,00166514688974349;2,11412020887508e-05;1;3,70634953393952e-05;0,00135554359234544
2018;4;"EUR";1,22839789081394;0,0155961063946096;737,711428571429;0,0273421640946757;1
2018;4;"USD";1;0,0126962985782038;600,547619047619;0,0222583938796563;0,81406847689831
2018;4;"UTM";78,7631130317567;1;47301;1,75314039304873;64,1185674615316
2018;5;"CLF";43,1867644168904;0,570513456967922;27040,0558064516;1;36,5132427707339
2018;5;"CLP";0,00159714035821577;2,10988269052241e-05;1;3,69821721951256e-05;0,00135033903154971
2018;5;"EUR";1,18276989770696;0,015624836735268;740,554761904762;0,0273873237246822;1
2018;5;"USD";1;0,013210377407778;626,119047619047;0,0231552424336957;0,845472988396729
2018;5;"UTM";75,6980644179945;1;47396;1,75280703336017;64,0006687393299
2018;6;"CLF";42,6310666835341;0,570482364985205;27119,5906666667;1;36,5263878787412
2018;6;"CLP";0,00157196571318213;2,10358029365981e-05;1;3,68737128923234e-05;0,00134686353963435
2018;6;"EUR";1,16713064607042;0,0156183624528948;742,465714285714;0,0273774675809652;1
2018;6;"USD";1;0,0133818459017247;636,146190476191;0,0234570719851643;0,856802109829667
2018;6;"UTM";74,7281060732521;1;47538;1,75290256347527;64,0271989471375
2018;7;"CLF";41,672135002606;0,57018922800791;27187,1925806452;1;35,6616717864554
2018;7;"CLP";0,00153278551578999;2,09727144984375e-05;1;3,67820251036847e-05;0,00131170850688877
2018;7;"EUR";1,16854126335248;0,0159888530022441;762,3645;0,028041310177158;1
2018;7;"USD";1;0,0136827457477821;652,407;0,0239968506518196;0,855767811853779
2018;7;"UTM";73,0847461783825;1;47681;1,75380373896879;62,5435733169632
2018;8;"CLF";41,5054309211179;0,570679812570838;27237,9767741935;1;35,9060798259124
2018;8;"CLP";0,00152380741290748;2,09516227031784e-05;1;3,67134463873779e-05;0,00131823593666955
2018;8;"EUR";1,15594437271775;0,0158936819429392;758,589545454545;0,0278504366070709;1
2018;8;"USD";1;0,0137495214458905;656,250909090909;0,0240932325675771;0,865093531835697
2018;8;"UTM";72,7298040106611;1;47729;1,75229608262316;62,9180830213009
2018;9;"CLF";40,1357273736453;0,570304820534224;27329,007;1;34,4291989275361
2018;9;"CLP";0,00146861272250563;2,08681135225376e-05;1;3,65911575199201e-05;0,00125980424124214
2018;9;"EUR";1,16574676797215;0,0165645683983109;793,774117647059;0,0290451137740591;1
2018;9;"USD";1;0,0142094053815182;680,914705882353;0,0249154572605713;0,857819234394731
2018;9;"UTM";70,3759216624696;1;47920;1,75344826835457;60,3698192403232
2018;10;"CLF";40,4723406025275;0,570504327858456;27393,3358064516;1;35,4303166189054
2018;10;"CLP";0,00147745206675397;2,08263912029324e-05;1;3,65052291208901e-05;0,00129339182599882
2018;10;"EUR";1,14230818306974;0,0161021515555421;773,160909090909;0,0282244161336793;1
2018;10;"USD";1;0,0140961535548756;676,840909090909;0,0247082324647552;0,875420499319793
2018;10;"UTM";70,9413384372587;1;48016;1,75283508146866;62,1035019171594
2018;11;"CLF";40,5555790039138;0,570617670265781;27480,947;1;35,7026866385221
2018;11;"CLP";0,00147577079508627;2,07641196013289e-05;1;3,63888478806789e-05;0,00129917963302073
2018;11;"EUR";1,13592513119602;0,0159824854651163;769,7165;0,0280090966297486;1
2018;11;"USD";1;0,0140700166112957;677,612;0,0246575199901226;0,880339709490442
2018;11;"UTM";71,073121491355;1;48160;1,7524869139335;62,5684911262783
2018;12;"CLF";40,4135845467994;0,570006678039125;27561,5329032258;1;35,5403390112519
2018;12;"CLP";0,00146630394937393;2,06812400471532e-05;1;3,62824521956455e-05;0,00128949065119278
2018;12;"EUR";1,13711871273948;0,0160383016565673;775,5;0,0281370416777231;1
2018;12;"USD";1;0,0141043335905789;681,986842105263;0,0247441549967434;0,879415657131223
2018;12;"UTM";70,9001948640775;1;48353;1,75436541101604;62,3507414571244
2019;1;"CLF";40,7031227910419;0,569944580948041;27558,5303225806;1;35,6556747426349
2019;1;"CLP";0,00147697000945261;2,06812400471532e-05;1;3,6286405272513e-05;0,00129381626397616
2019;1;"EUR";1,14156086190599;0,0159846808414633;772,907272727273;0,0280460265362546;1
2019;1;"USD";1;0,0140024779885802;677,061818181818;0,02456813952909;0,875993592080904
2019;1;"UTM";71,4159308670619;1;48353;1,75455655414182;62,5598978120391
2019;2;"CLF";41,9714275701512;0,570252288287223;27546,0367857143;1;36,9797827554295
2019;2;"CLP";0,00152368298556539;2,0701790704896e-05;1;3,63028630136228e-05;0,00134247198764389
2019;2;"EUR";1,13498307569124;0,0154206500362281;744,8945;0,0270418029931011;1
2019;2;"USD";1;0,0135866783976814;656,3045;0,0238257323587242;0,881070406614628
2019;2;"UTM";73,6015066177361;1;48305;1,75360979787305;64,848109363138
2019;3;"CLF";41,2842615500091;0,570070456314883;27564,6167741936;1;36,5276957985334
2019;3;"CLP";0,00149772666488366;2,06812400471532e-05;1;3,62783929917073e-05;0,00132516610326073
2019;3;"EUR";1,13021806187037;0,0156065266054305;754,622380952381;0,0273764872965283;1
2019;3;"USD";1;0,0138084208100546;667,678571428572;0,0242223056064274;0,88478501073069
2019;3;"UTM";72,4195774271195;1;48353;1,75416913632802;64,075756590966
2019;4;"CLF";41,3562022578054;0,570824767853081;27601,09;1;36,8227520807273
2019;4;"CLP";0,00149835395115937;2,06812400471532e-05;1;3,62304532176084e-05;0,00133410499660439
2019;4;"EUR";1,12311546315548;0,0155019583164683;749,566190476191;0,0271571227975486;1
2019;4;"USD";1;0,013802639911051;667,399047619048;0,0241801699722383;0,890380404157579
2019;4;"UTM";72,449908600409;1;48353;1,75185110443102;64,5079789008118
2019;5;"CLF";40,0577367784839;0,570431247075068;27720,1064516129;1;35,8044867676611
2019;5;"CLP";0,00144507874991054;2,05782487910279e-05;1;3,60748975385632e-05;0,00129164319156422
2019;5;"EUR";1,11879097830455;0,0159318370006712;774,207619047619;0,0279294605307178;1
2019;5;"USD";1;0,01424022655672;692,00380952381;0,0249639665248668;0,89382200910793
2019;5;"UTM";70,2236018519028;1;48595;1,75305964588648;62,7674008940631
2019;6;"CLF";40,1875240404636;0,570899311325852;27826,2033333333;1;35,6044150551008
2019;6;"CLP";0,00144423310500008;2,05166081943333e-05;1;3,59373496995218e-05;0,00127952831468208
2019;6;"EUR";1,12872305241555;0,0160345089349829;781,538;0,0280864044094649;1
2019;6;"USD";1;0,0142058841632301;692,409;0,0248833443680962;0,885956920840701
2019;6;"UTM";70,3933657708089;1;48741;1,75162236170439;62,3654895859191
2019;7;"CLF";40,7354587626422;0,569962072942318;27946,9503225807;1;36,2892137500177
2019;7;"CLP";0,00145759942650088;2,03944282422042e-05;1;3,57820795635085e-05;0,0012985035337003
2019;7;"EUR";1,12252249506569;0,0157061014567184;770,117272727273;0,0275563975259594;1
2019;7;"USD";1;0,013991792169652;686,059545454546;0,024548637240759;0,890850744101548
2019;7;"UTM";71,4704726796177;1;49033;1,75450270723751;63,6695237679267
2019;8;"CLF";39,1873336425891;0,570394033511335;27968,1306451613;1;35,2018407056774
2019;8;"CLP";0,00140114239810192;2,03944282422042e-05;1;3,5754981721419e-05;0,0012586411709918
2019;8;"EUR";1,11321831066263;0,0162035286245512;794,507619047619;0,0284076053965757;1
2019;8;"USD";1;0,0145555714178886;713,703333333333;0,0255184496378491;0,898296399207416
2019;8;"UTM";68,7022152061314;1;49033;1,75317401874634;61,7149525372408
2019;9;"CLF";39,0031837401291;0,570343245608679;28021,534;1;35,4281163144021
2019;9;"CLP";0,00139190037705035;2,03537481427205e-05;1;3,5686839985277e-05;0,00126431751789185
2019;9;"EUR";1,10091045750219;0,0160986048636412;790,940555555555;0,0282261690439772;1
2019;9;"USD";1;0,0146229920462075;718,442222222222;0,0256389326231113;0,908339087148704
2019;9;"UTM";68,3854574248606;1;49131;1,75333013531665;62,1171839715444
2019;10;"CLF";38,920836717462;0,570053816954208;28063,1793548387;1;35,24611286284
2019;10;"CLP";0,00138690047287002;2,03132300067034e-05;1;3,563388122763e-05;0,00125595579949008
2019;10;"EUR";1,10425898222939;0,0161735229973464;796,206363636363;0,0283719229945014;1
2019;10;"USD";1;0,0146464943981652;721,032272727273;0,0256931783676518;0,905584664551333
2019;10;"UTM";68,2757233789182;1;49229;1,754220338955;61,8294480530973
2019;11;"CLF";36,2160603367975;0,571266069457705;28122,8573333333;1;32,7845594041246
2019;11;"CLP";0,0012877802531776;2,03132300067034e-05;1;3,55582645158436e-05;0,00116576203532725
2019;11;"EUR";1,10466820341777;0,0174248512055902;857,808;0,0305021637678068;1
2019;11;"USD";1;0,0157738324971054;776,53;0,0276120591444881;0,905249193292671
2019;11;"UTM";63,39613408368;1;49229;1,75049780385047;57,3892992371253
2019;12;"CLF";36,7198164332705;0,570070284785996;28288,5977419355;1;33,0880722545691
2019;12;"CLP";0,00129804300546281;2,01519456703545e-05;1;3,53499317683599e-05;0,00116966109654558
2019;12;"EUR";1,10975992045592;0,017228875722951;854,9485;0,0302223711404617;1
2019;12;"USD";1;0,0155248675009572;770,3905;0,0272332516099927;0,901095796998299
2019;12;"UTM";64,4127880600812;1;49623;1,75416966414132;58,0420925938814
2020;1;"CLF";37,6798308455505;0,570018096126445;28314,5088888889;1;33,6670676371871
2020;1;"CLP";0,00133076052964269;2,01316610633543e-05;1;3,5317582371786e-05;0,00118903943449284
2020;1;"EUR";1,11918956683745;0,016931028929197;841,015;0,0297026165384076;1
2020;1;"USD";1;0,0151279367060576;751,45;0,0265393972732786;0,893503683049648
2020;1;"UTM";66,1028677889414;1;49673;1,75433026915373;59,0631558295631
2020;2;"CLF";36,0970643963462;0,571266189690887;28405,06875;1;33,0740689098683
2020;2;"CLP";0,00127079658613205;2,01114172515737e-05;1;3,52049843216803e-05;0,00116437207742609
2020;2;"EUR";1,09140077366096;0,0172723287010036;858,832;0,0302351670949573;1
2020;2;"USD";1;0,0158258351266014;786,908;0,0277030838026048;0,916253702703206
2020;2;"UTM";63,187818652244;1;49723;1,75049743542691;57,8960728058573
2020;3;"CLF";34,0382755558898;0,570555017850164;28539,7325478831;1;30,8041454146453
2020;3;"CLP";0,00119266273777379;1,99916035265189e-05;1;3,50388707505311e-05;0,00107934246976432
2020;3;"EUR";1,10499009460288;0,0185220206621575;926,48999554178;0,0324631632054486;1
2020;3;"USD";1;0,0167621599076995;838,460000743037;0,0293786915955255;0,904985488000584
2020;3;"UTM";59,6581828061825;1;50021;1,75267935381232;53,9897896800811
2020;4;"CLF";33,5658542704991;0,570027293328332;28627,3406982422;1;30,8072024023501
2020;4;"CLP";0,00117251038524022;1,99119890085821e-05;1;3,49316414172345e-05;0,00107614614738706
2020;4;"EUR";1,08954567935512;0,0185030528213379;929,241815740412;0,032459941897344;1
2020;4;"USD";1;0,0169823561984933;852,870910644531;0,029792180825825;0,917813744708605
2020;4;"UTM";58,8846440571493;1;50221;1,75430196361493;54,0451356679255
2020;5;"CLF";34,9391665822815;0,570022849305602;28713,1909652218;1;32,0777976225737
2020;5;"CLP";0,00121683328838654;1,98522988962122e-05;1;3,48271984542306e-05;0,00111717982377602
2020;5;"EUR";1,08920091688882;0,0177700120192936;895,111045435855;0,0311742100179684;1
2020;5;"USD";1;0,0163147237059362;821,805262515419;0,0286211749683556;0,918104258355184
2020;5;"UTM";61,2943264026067;1;50372;1,7543156405365;56,2745820832458
2020;6;"CLF";36,1704578842161;0,569942568695158;28709,1470703125;1;32,1396062370928
2020;6;"CLP";0,00125989315515469;1,98522988962122e-05;1;3,48321041217584e-05;0,00111949011088273
2020;6;"EUR";1,12541695804821;0,017733340119064;893,263808477493;0,0311142579850865;1
2020;6;"USD";1;0,0157571289398542;793,718098958333;0,0276468714662408;0,888559562612496
2020;6;"UTM";63,4633380114522;1;50372;1,75456274882121;56,390955865385
2020;7;"CLF";35,4952530041207;0,570179788811838;28692,5873325893;1;31,5341968650996
2020;7;"CLP";0,00123708791377642;1,98720241643814e-05;1;3,48522072411431e-05;0,00109903636432546
2020;7;"EUR";1,12561144829425;0,0180813163325838;909,888000488281;0,0317116051592469;1
2020;7;"USD";1;0,0160635504906993;808,349987792969;0,0281727812979361;0,888406031686512
2020;7;"UTM";62,2527379970571;1;50322;1,7538327727888;55,3057079255856
2020;8;"CLF";36,535133849528;0,570252382232189;28667,7277595766;1;30,9097914726289
2020;8;"CLP";0,00127443424033924;1,98917886696372e-05;1;3,48824297616662e-05;0,00107820862999173
2020;8;"EUR";1,18199224611012;0,0184489236278788;927,464288620722;0,0323522079042661;1
2020;8;"USD";1;0,0156083288097645;784,661905924479;0,0273709138200658;0,84602923859353
2020;8;"UTM";64,068358130334;1;50272;1,75360950897848;54,2037042469441
2020;9;"CLF";37,1010662238016;0,570208919920297;28694,0532682292;1;31,4571274721341
2020;9;"CLP";0,00129298798873009;1,98720241643814e-05;1;3,48504266947614e-05;0,00109629431499538
2020;9;"EUR";1,17941685097176;0,018126541287834;912,163810686384;0,0317892980179401;1
2020;9;"USD";1;0,0153690709717256;773,402389439174;0,0269534032787033;0,847876642746006
2020;9;"UTM";65,0657415688754;1;50322;1,75374317213378;55,1677225191973
2020;10;"CLF";36,4381429946173;0,570861823592814;28755,4517780172;1;30,9403510069127
2020;10;"CLP";0,00126717337901376;1,98522988962122e-05;1;3,47760142222656e-05;0,00107598208665829
2020;10;"EUR";1,17769003287895;0,0184503990748286;929,383502197266;0,0323202538903511;1
2020;10;"USD";1;0,0156666003445111;789,157992553711;0,0274437695726624;0,849119863531006
2020;10;"UTM";63,830057447681;1;50372;1,75173738840396;54,1993696691512
2020;11;"CLF";37,9269378572061;0,570980835884362;28933,8828776042;1;32,0925033691849
2020;11;"CLP";0,00131081396913246;1,97339858704661e-05;1;3,45615555378513e-05;0,00110916683754276
2020;11;"EUR";1,18180054141938;0,0177917200573582;901,57762218657;0,031159925060885;1
2020;11;"USD";1;0,0150547570709265;762,884759812128;0,0263664839952272;0,846166476450387
2020;11;"UTM";66,4241870718184;1;50674;1,75137226532507;56,2059203256419
2020;12;"CLF";39,5728373855778;0,569783254523124;29075,4696950605;1;2,91919074638448
2020;12;"CLP";0,00136103862811546;1,95966999157342e-05;1;3,43932535050289e-05;0,000100400467369936
2020;12;"EUR";13,556098529906;0,195185345537567;9960,11299743652;0,342560691259567;1
2020;12;"USD";1;0,0143983422005211;734,733004150391;0,0252698584702558;0,0737675370088163
2020;12;"UTM";69,4524401541039;1;51029;1,75505333310812;5,12333544942046
2021;1;"CLF";40,1985679256931;0,570558179637342;29085,9148815524;1;33,0203375826286
2021;1;"CLP";0,0013820630394263;1,96163050727765e-05;1;3,43809023739612e-05;0,0011352690027836
2021;1;"EUR";1,21738815737732;0,017278992930027;880,848501586914;0,0302843663393097;1
2021;1;"USD";1;0,0141934951685845;723,555996704102;0,0248765080847779;0,821430694836356
2021;1;"UTM";70,4548096238742;1;50978;1,7526696412198;57,8737432239021
2021;2;"CLF";40,4009738870901;0,570980709596691;29194,8146623884;1;33,3957876705734
2021;2;"CLP";0,00138384073864797;1,95576069312159e-05;1;3,42526579313517e-05;0,0011438944914282
2021;2;"EUR";1,20976256902871;0,0170973871084888;874,206500244141;0,0299438962142267;1
2021;2;"USD";1;0,0141328451930993;722,626507568359;0,0247518785758663;0,826608481367446
2021;2;"UTM";70,7571608078093;1;51131;1,75137265268794;58,4884692412154
2021;3;"CLF";40,4205020890978;0,570220472435703;29360,0819052419;1;33,9263981709892
2021;3;"CLP";0,00137671625779358;1,94216240362019e-05;1;3,40598504877284e-05;0,00115552804929103
2021;3;"EUR";1,19141742914701;0,016807574725787;865,405215056046;0,0294755722361094;1
2021;3;"USD";1;0,0141072090390857;726,366086213485;0,0247399202957877;0,839336386673431
2021;3;"UTM";70,8857433975338;1;51489;1,75370764176265;59,496983729946
2021;4;"CLF";41,5906146988226;0,570625652909285;29439,7186848958;1;34,7655922076645
2021;4;"CLP";0,0014127381835398;1,9382850054272e-05;1;3,39677158842232e-05;0,00118090775865671
2021;4;"EUR";1,19631543885087;0,0164135174082691;846,806190127418;0,0287640720752497;1
2021;4;"USD";1;0,0137200581679655;707,845241001674;0,0240438860363444;0,835899937027108
2021;4;"UTM";72,8859883651856;1;51592;1,75246239789885;60,9253930846172
2021;5;"CLF";41,4960877776396;0,570600845802678;29555,9826108871;1;34,1854634517166
2021;5;"CLP";0,00140398268343663;1,93057647013398e-05;1;3,38340975891509e-05;0,00115663430655573
2021;5;"EUR";1,21385184191662;0,0166913298282058;864,577502441406;0,0292521995909869;1
2021;5;"USD";1;0,0137507142567341;712,259497070312;0,0240986573326765;0,823823769481653
2021;5;"UTM";72,7234950366504;1;51798;1,75253858692284;59,9113438109736
2021;6;"CLF";40,8314011296085;0,570441879586899;29665,8299479167;1;33,8201637376788
2021;6;"CLP";0,00137637818329354;1,92289202961254e-05;1;3,37088158920774e-05;0,00114003767287333
2021;6;"EUR";1,20730938638592;0,0168669165534339;877,163995361328;0,0295681596267941;1
2021;6;"USD";1;0,0139706662961719;726,544500732422;0,0244909548125905;0,828288101853905
2021;6;"UTM";71,5785474221803;1;52005;1,75302697046749;59,2876591777775
2021;7;"CLF";39,6312848689256;0,570175421749796;29740,9201738911;1;33,5176758631041
2021;7;"CLP";0,0013325507293388;1,91714115910354e-05;1;3,36237074762023e-05;0,00112698852850318
2021;7;"EUR";1,18239955033849;0,0170111861000911;887,320478166853;0,0298350041955262;1
2021;7;"USD";1;0,0143870031878998;750,44047328404;0,0252325909520054;0,845737804715611
2021;7;"UTM";69,507178593041;1;52161;1,75384620566619;58,7848486352544
2021;8;"CLF";38,2469452166668;0,571065651293825;29817,0508510045;1;32,5001317171074
2021;8;"CLP";0,00128272059526566;1,91523183881409e-05;1;3,35378574157783e-05;0,00108998478352236
2021;8;"EUR";1,17682431411607;0,0175711795959654;917,444000244141;0,0307691060671493;1
2021;8;"USD";1;0,0149310133935866;779,593002319336;0,0261458789541244;0,84974450986859
2021;8;"UTM";66,9746904406058;1;52213;1,75111214925003;56,9113755020531
2021;9;"CLF";38,3166545093231;0,570499022429351;30025,9340494792;1;32,5238425578295
2021;9;"CLP";0,00127611865283464;1,9000209002299e-05;1;3,33045426114678e-05;0,0010831917003559
2021;9;"EUR";1,17810970340278;0,0175409477344188;923,197620210193;0,030746674481096;1
2021;9;"USD";1;0,0148890614208122;783,626191638765;0,0260983118908955;0,848817386964612
2021;9;"UTM";67,1634008173399;1;52631;1,75285138218416;57,0094623814314
2021;10;"CLF";37,1209954003993;0,57179237698759;30214,6527847782;1;31,9969297144937
2021;10;"CLP";0,00122857593846322;1,8924340486734e-05;1;3,30965246274082e-05;0,00105898717229719
2021;10;"EUR";1,16014241777656;0,0178702263651435;944,298501586914;0,0312529986133959;1
2021;10;"USD";1;0,0154034764105878;813,950500488281;0,0269389327849016;0,861963138901968
2021;10;"UTM";64,9204097402736;1;52842;1,7488865543615;55,9590001585281
2021;11;"CLF";37,6228229348381;0,571718857622267;30573,2376302083;1;32,9762819093905
2021;11;"CLP";0,0012305802672879;1,86999775600269e-05;1;3,27083448634153e-05;0,00107859960100555
2021;11;"EUR";1,14090554654448;0,0173372746870975;927,128101167225;0,030324825665541;1
2021;11;"USD";1;0,0151960648623435;812,624764578683;0,0265796110443912;0,876496746841795
2021;11;"UTM";65,8065103734876;1;53476;1,749111449916;57,6791922633727
2021;12;"CLF";36,3992683108783;0,570552807620924;30907,4161416331;1;32,2130893391454
2021;12;"CLP";0,00117768719792295;1,84600616566059e-05;1;3,23546942719995e-05;0,00104224465712465
2021;12;"EUR";1,12995273218474;0,0177118314115743;959,467619396391;0,0310432814894534;1
2021;12;"USD";1;0,0156748427673863;849,121907552083;0,0274730797185047;0,884992771393653
2021;12;"UTM";63,7964931986839;1;54171;1,75268614340848;56,4594353210996
2022;1;"CLF";37,8274881158006;0,571178257476735;31096,0866935484;1;33,398499437182
2022;1;"CLP";0,00121647101413725;1,83681716321957e-05;1;3,2158387319118e-05;0,00107404188077824
2022;1;"EUR";1,13261040924754;0,0171019137716364;931,062389555431;0,0299414649415871;1
2022;1;"USD";1;0,0150995555329552;822,050002325149;0,026435802370454;0,882916130591061
2022;1;"UTM";66,22711495166;1;54442;1,75076692242742;58,4729880733291
2022;2;"CLF";38,8632683993485;0,571545977503915;31365,3001534598;1;34,2489786595727
2022;2;"CLP";0,00123905297284591;1,82222384197675e-05;1;3,18823666633935e-05;0,00109193849547124
2022;2;"EUR";1,13472780562716;0,0166879714336873;915,802496337891;0,0291979509794958;1
2022;2;"USD";1;0,0147065854480087;807,06799621582;0,0257312377776431;0,881268613530889
2022;2;"UTM";67,9967490438376;1;54878;1,74964051775371;59,9234007544706
2022;3;"CLF";39,6273781478617;0,570245077279198;31669,7008568548;1;35,9526636145111
2022;3;"CLP";0,00125127099643205;1,80060140086789e-05;1;3,15759218730843e-05;0,00113523849742109
2022;3;"EUR";1,10220979932812;0,0158609966536398;880,872171153193;0,0278143508565074;1
2022;3;"USD";1;0,0143901793136917;799,187388544497;0,0252350785426353;0,907268290129136
2022;3;"UTM";69,4918373288467;1;55537;1,75363197306548;63,0477404312748
2022;4;"CLF";38,9363681486143;0,572773194165814;31905,7580078125;1;36,1636477753248
2022;4;"CLP";0,0012203555276474;1,79520321700416e-05;1;3,13423050395837e-05;0,00113345207991829
2022;4;"EUR";1,07667147934068;0,0158383688980797;882,260501098633;0,0276520777498093;1
2022;4;"USD";1;0,0147104935925103;819,433335077195;0,0256829295475929;0,928788417997629
2022;4;"UTM";67,9786843120708;1;55704;1,74589175992497;63,1378146597685
2022;5;"CLF";38,2305480457586;0,571878956632907;32460,9933363971;1;36,1832597673152
2022;5;"CLP";0,0011777380824293;1,76174201049998e-05;1;3,08062045309853e-05;0,00111466890098968
2022;5;"EUR";1,05658109002917;0,0158050700879497;897,127388332201;0,0276370898153105;1
2022;5;"USD";1;0,0149586910433096;849,08522100034;0,0261570929823734;0,946448890139032
2022;5;"UTM";66,850769034852;1;56762;1,74862178158779;63,2708361579764
2022;6;"CLF";38,3208170149258;0,571517265448092;32894,8192473958;1;36,2253808480592
2022;6;"CLP";0,00116494991891343;1,73740813454489e-05;1;3,03999238445174e-05;0,00110124881901964
2022;6;"EUR";1,05784442061922;0,015776708265545;908,059997639974;0,0276049547745079;1
2022;6;"USD";1;0,0149140156700075;858,40599991862;0,0260954770252029;0,945318593649755
2022;6;"UTM";67,0510224829004;1;57557;1,74972841671889;63,3845782763135
2022;7;"CLF";34,8835208410137;0,571154883986741;33268,6296824597;1;34,2441644947177
2022;7;"CLP";0,00104854095807275;1,71679714324955e-05;1;3,00583465428164e-05;0,00102932296345143
2022;7;"EUR";1,01867051965583;0,0166788967526086;971,512378045945;0,0292020557299406;1
2022;7;"USD";1;0,0163732005891795;953,706187918527;0,0286668310964834;0,981671679610266
2022;7;"UTM";61,0754137258214;1;58248;1,75083856942597;59,956003975119
2022;8;"CLF";37,1714767484898;0,57197490939563;33616,109375;1;36,7035266658275
2022;8;"CLP";0,00110576379716726;1,70149050568298e-05;1;2,97476423831394e-05;0,00109184338545506
2022;8;"EUR";1,01274945829928;0,0155836498929179;915,88227150657;0,0272453382778348;1
2022;8;"USD";1;0,0153874680111779;904,352269952947;0,0269023479149406;0,987411044069391
2022;8;"UTM";64,9879498871141;1;58772;1,74832843814187;64,1698194499646
2022;9;"CLF";36,98060160264;0,571514583245938;34059,4115885417;1;37,36055227092
2022;9;"CLP";0,00108576748328445;1,67799312022821e-05;1;2,93604602475406e-05;0,00109692300977651
2022;9;"EUR";0,989830164567035;0,0152972734209495;911,641009521484;0,0267661996200833;1
2022;9;"USD";1;0,0154544425584774;921,007504272461;0,0270412042168781;1,0102743236133
2022;9;"UTM";64,7063131663367;1;59595;1,74973662845218;65,3711267676309
2022;10;"CLF";36,0358262425168;0,571156632850568;34446,4565272177;1;36,6254388283563
2022;10;"CLP";0,00104614029643494;1,65809981760902e-05;1;2,90305622353305e-05;0,00106325708130289
2022;10;"EUR";0,983901555730083;0,0155945335024454;940,506315532484;0,0273034271257871;1
2022;10;"USD";1;0,0158496888348488;955,894733629729;0,0277501615550625;1,01636184451195
2022;10;"UTM";63,0927212779911;1;60310;1,75083320841278;64,1250345733771
2022;11;"CLF";37,863586599284;0,570603093126743;34722,9100260417;1;37,11253307312
2022;11;"CLP";0,00109044969361401;1,64330435639985e-05;1;2,87994295193005e-05;0,00106881978052203
2022;11;"EUR";1,02023719385266;0,0153749433379427;935,611426943824;0,0269450753477208;1
2022;11;"USD";1;0,0150699694449319;917,05285063244;0,0264105989372626;0,980164226540065
2022;11;"UTM";66,3571352054934;1;60853;1,75253168453799;65,040890104107
2022;12;"CLF";39,9112499755582;0,571459396528739;34948,7423135081;1;37,7459897696519
2022;12;"CLP";0,00114199388400114;1,63513579802803e-05;1;2,86133329499954e-05;0,00108003857280617
2022;12;"EUR";1,05736398009749;0,0151396055585273;925,892857142857;0,0264928805974511;1
2022;12;"USD";1;0,014318253547025;875,661432175409;0,0250555921103048;0,945748123468137
2022;12;"UTM";69,840919963858;1;61157;1,74990560322287;66,051918997107
2023;1;"CLF";42,6242870098491;0,570220832017949;35221,9705729167;1;39,5872574263036
2023;1;"CLP";0,00121016190509864;1,61893506451456e-05;1;2,83913700379085e-05;0,00112393647437613
2023;1;"EUR";1,07671735252686;0,0144041509589161;889,730000581287;0,0252606536803318;1
2023;1;"USD";1;0,0133778385990642;826,335712425595;0,0234608029870138;0,928748847274707
2023;1;"UTM";74,7504907160379;1;61769;1,75370653587157;69,4244320857389
2023;2;"CLF";44,3242207468287;0,571103424066214;35382,1415345982;1;41,373572738769
2023;2;"CLP";0,00125272860331211;1,61410078445298e-05;1;2,82628455098501e-05;0,00116933489450637
2023;2;"EUR";1,07131721562191;0,0138035800696289;855,186999633789;0,024170018052682;1
2023;2;"USD";1;0,012884680530048;798,257497558594;0,0225610283305781;0,933430346696601
2023;2;"UTM";77,6115478895987;1;61954;1,75099633071725;72,444974054248
2023;3;"CLF";43,95258802;0,5697297;35579,62;1;41,07808876
2023;3;"CLP";0,0012353305;1,6013e-05;1;2,8106e-05;0,00115454
2023;3;"EUR";1,069976461;0,01386943;866,14594479;0,02434388;1
2023;3;"USD";1;0,01296237;809,5;0,02275179;0,9346
2023;3;"UTM";77,14638666;1;62450;1,7552183;72,10101297
2023;4;"CLF";44,3705130039176;0,571690922215944;35666,6532552083;1;40,490886918104
2023;4;"CLP";0,00124403354266042;1,60287234724627e-05;1;2,80373937202525e-05;0,0011352589386051
2023;4;"EUR";1,09581479639259;0,014119002218258;880,856310392681;0,0246969151854485;1
2023;4;"USD";1;0,0128844785311693;803,83684660259;0,022537490155043;0,912562965285728
2023;4;"UTM";77,6127646594982;1;62388;1,74919691941911;70,826534661695
2023;5;"CLF";45,0387396533833;0,570275143485455;35969,5344002016;1;41,4193623084659
2023;5;"CLP";0,00125213574221664;1,58543932523702e-05;1;2,78013050954142e-05;0,00115151232839516
2023;5;"EUR";1,08738370518509;0,0137683226322607;868,423181707209;0,0241432978265724;1
2023;5;"USD";1;0,0126618805915591;798,635456431996;0,0222031079842813;0,919638573974938
2023;5;"UTM";78,9772098045722;1;63074;1,75353951758815;72,6304886011962
2023;6;"CLF";45,0938284190834;0,570148635869966;36069,3131510417;1;41,6642127107172
2023;6;"CLP";0,00125019925470305;1,58070278045619e-05;1;2,7724398183366e-05;0,00115511522318838
2023;6;"EUR";1,08231562497481;0,0136843732012559;865,714501831055;0,0240014135618785;1
2023;6;"USD";1;0,0126436068051539;799,872497314453;0,0221759836114693;0,923944898257635
2023;6;"UTM";79,0913554502793;1;63263;1,75392860227429;73,0760543645668
2023;7;"CLF";44,3570356150538;0,569748380802539;36079,8859627016;1;40,1288273011622
2023;7;"CLP";0,00122941174650355;1,57913021507754e-05;1;2,77162738550164e-05;0,00111222156695967
2023;7;"EUR";1,10536585786969;0,0141979823264369;899,101428803943;0,0249197414241666;1
2023;7;"USD";1;0,0128446000257325;813,397141229539;0,0225443379192053;0,904677842978833
2023;7;"UTM";77,8537282590837;1;63326;1,75516075814277;70,4325429492881
2023;8;"CLF";42,1531014208445;0,57071636423083;36068,7035030242;1;38,6220041686089
2023;8;"CLP";0,00116868912178421;1,58230351746072e-05;1;2,77248667925132e-05;0,00107078992083457
2023;8;"EUR";1,09142708485091;0,0147769743315054;933,890000776811;0,0258919758703971;1
2023;8;"USD";1;0,0135391310483411;855,659543124112;0,0237230468528587;0,916231614443214
2023;8;"UTM";73,8599838076405;1;63199;1,75218385642004;67,6728522068241
2023;9;"CLF";40,9042897705164;0,57013024896444;36175,9045572917;1;38,2744313836303
2023;9;"CLP";0,00113070537616375;1,57599445249953e-05;1;2,76427089311976e-05;0,00105800896624479
2023;9;"EUR";1,06871058019195;0,0148958515738599;945,171574064556;0,0261271027119084;1
2023;9;"USD";1;0,0139381529947841;884,403683825041;0,0244473136096546;0,935707027266814
2023;9;"UTM";71,7455175283423;1;63452;1,75398516710235;67,1327849261643
2023;10;"CLF";39,1292786721499;0,571102678945537;36273,5866532258;1;37,0391325848721
2023;10;"CLP";0,00107872648619571;1,57443123671574e-05;1;2,7568269152978e-05;0,00102110477629259
2023;10;"EUR";1,05643075151634;0,0154188999333854;979,331429268973;0,0269984724320577;1
2023;10;"USD";1;0,0145952774578494;927,019047735305;0,0255563106179043;0,946583577356731
2023;10;"UTM";68,5153127707206;1;63515;1,7509986152514;64,855469866224
2023;11;"CLF";41,1558843481069;0,570503362290233;36489,3950520833;1;38,0661304786467
2023;11;"CLP";0,00112788617869282;1,56347717323327e-05;1;2,74052227660295e-05;0,00104321078560806
2023;11;"EUR";1,08116805755167;0,0149871645769265;958,579046340216;0,0262700723038018;1
2023;11;"USD";1;0,0138620119899447;886,61428687686;0,0242978620394048;0,924925586744138
2023;11;"UTM";72,1395999891927;1;63960;1,75283804811525;66,7237618474914
2023;12;"CLF";41,9254353711101;0,571031769871568;36669,3761340726;1;38,4268374756539
2023;12;"CLP";0,00114333647831422;1,55724430048586e-05;1;2,72707121153015e-05;0,00104792722230004
2023;12;"EUR";1,09104568903629;0,0148602333000564;954,264741596423;0,0260234790498586;1
2023;12;"USD";1;0,0136201750755116;874,633162649054;0,023851869185098;0,916551900666318
2023;12;"UTM";73,4204952914261;1;64216;1,7512160491962;67,2936945072191
2024;1;"CLF";40,535529004853;0,569166577992449;36805,7259324597;1;37,1611556723585
2024;1;"CLP";0,00110133757663788;1,54640769492469e-05;1;2,71696855493368e-05;0,00100965691426793
2024;1;"EUR";1,09080377806992;0,0153161700085611;990,435449773615;0,0269098197272651;1
2024;1;"USD";1;0,014041177997808;907,98681640625;0,0246697162847012;0,916755167248698
2024;1;"UTM";71,2190957308649;1;64666;1,75695488573341;65,2904740180501
2024;2;"CLF";38,1454897336166;0,571172954503799;36750,9814116379;1;35,3440852905373
2024;2;"CLP";0,00103794479136106;1,55417061685032e-05;1;2,72101577043417e-05;0,000961718134671224
2024;2;"EUR";1,07926091225876;0,0161603546904274;1039,80570184617;0,028293277129108;1
2024;2;"USD";1;0,0149735383787835;963,442379906064;0,0262154190962903;0,926560008466465
2024;2;"UTM";66,7844817105445;1;64343;1,75078317717046;61,8798299391506
2024;3;"CLF";38,2096105791329;0,570807395686412;36984,3235887097;1;35,1427721864515
2024;3;"CLP";0,00103312990130762;1,543376599324e-05;1;2,70384828750869e-05;0,000950207243946449
2024;3;"EUR";1,08726797010805;0,0162425261347616;1052,40199584961;0,028455353342487;1
2024;3;"USD";1;0,0149388435797915;967,93249206543;0,0261714261109513;0,91973646561171
2024;3;"UTM";66,9395856954249;1;64793;1,75190442092551;61,5667779570223
2024;4;"CLF";38,7314125519729;0,570518060248612;37187,508203125;1;36,0941668151723
2024;4;"CLP";0,00104151674644117;1,5341658740143e-05;1;2,68907503707378e-05;0,000970599229666567
2024;4;"EUR";1,07306570478009;0,0158063784425353;1030,29135964134;0,0277053077612432;1
2024;4;"USD";1;0,0147301123986388;960,138186368075;0,0258188362910369;0,931909384062309
2024;4;"UTM";67,8881445665281;1;65182;1,75279289066543;63,2655989881262
2024;5;"CLF";40,6916260424918;0,570724343022837;37349,9131804435;1;37,6605046371789
2024;5;"CLP";0,00108947043185626;1,52804730834467e-05;1;2,67738239489028e-05;0,00100831572098267
2024;5;"EUR";1,08048541660593;0,015154452881638;991,752859933036;0,026553016472668;1
2024;5;"USD";1;0,0140255968740808;917,877136230469;0,0245750808521576;0,92550994639173
2024;5;"UTM";71,2982134719695;1;65443;1,75215936068805;65,9872057282686
2024;6;"CLF";40,5091678819066;0,570393382795474;37514,7727864583;1;37,605501180104
2024;6;"CLP";0,00107981909186797;1,52045005321575e-05;1;2,66561657108308e-05;0,0010024184710957
2024;6;"EUR";1,07721388123233;0,0151678176036982;997,58736379523;0,0265918540803565;1
2024;6;"USD";1;0,0140805998399745;926,081051475123;0,0246857699697813;0,928320751730387
2024;6;"UTM";71,0197016721562;1;65770;1,75317601880134;65,9290628439639
2024;7;"CLF";40,0948650076886;0,569851259329567;37591,3780241935;1;37,0051656200912
2024;7;"CLP";0,00106659737192619;1,51590946988646e-05;1;2,6601844693121e-05;0,000984405668668887
2024;7;"EUR";1,083493732181;0,0153992354791726;1015,84136685458;0,0270232542739134;1
2024;7;"USD";1;0,0142125745833112;937,560907537287;0,0249408496526485;0,922940272102052
2024;7;"UTM";70,3602288338547;1;65967;1,75484388887112;64,9382887450805
2024;8;"CLF";40,4761156153196;0,571137727485657;37638,5473790323;1;36,7521211129894
2024;8;"CLP";0,00107538995083185;1,51742765663647e-05;1;2,65685067473428e-05;0,000976448977769618
2024;8;"EUR";1,10132733539056;0,0155402657095565;1024,11905052548;0,0272093139039686;1
2024;8;"USD";1;0,0141104875999882;929,895243326823;0,0247059280466507;0,907995259779306
2024;8;"UTM";70,8692731497695;1;65901;1,75089116315664;64,3489640839956
2024;9;"CLF";40,8651659213959;0,570355122519288;37849,906640625;1;36,8490254981324
2024;9;"CLP";0,00107966358568332;1,50688647117326e-05;1;2,64201444271644e-05;0,000973556575660921
2024;9;"EUR";1,1089890538209;0,0154781602717878;1027,16167195638;0,0271377597231352;1
2024;9;"USD";1;0,0139570000429306;926,214436848958;0,0244707191920742;0,901722155466381
2024;9;"UTM";71,6486348731162;1;66362;1,75329362447548;64,6071614740101
2024;10;"CLF";40,639955109895;0,570155028255066;37950,0888356855;1;37,2618620939481
2024;10;"CLP";0,00107087905079369;1,5023812743198e-05;1;2,63503994504401e-05;0,000981864950442744
2024;10;"EUR";1,09065819114004;0,0153013026245854;1018,47000399503;0,0268370914335603;1
2024;10;"USD";1;0,0140294207194202;933,812272505327;0,0246063263922386;0,916877540666269
2024;10;"UTM";71,2787804998786;1;66561;1,75390893782074;65,3539129664195
2024;11;"CLF";39,1912384531294;0,57150458007832;38078,2071614583;1;36,8889443189471
2024;11;"CLP";0,00102923013909115;1,50087050489284e-05;1;2,62617406265958e-05;0,000968767887693123
2024;11;"EUR";1,06241149419393;0,0154925707587891;1032,2390045166;0,0271083930012704;1
2024;11;"USD";1;0,0145824577797359;971,599996948242;0,025515907112656;0,941254876726193
2024;11;"UTM";68,5755457073651;1;66628;1,74976725446882;64,5470668212174
2024;12;"CLF";39,0591920934293;0,570150206616225;38367,6880040323;1;37,2532570689287
2024;12;"CLP";0,00101802308466761;1,48601658394508e-05;1;2,60635980957441e-05;0,000970953920001996
2024;12;"EUR";1,04847723841057;0,0153047076007688;1029,91499328613;0,0268432904577908;1
2024;12;"USD";1;0,0145970814053816;982,29599609375;0,0256021680532461;0,953764148009492
2024;12;"UTM";68,506845459622;1;67294;1,75392377025501;65,3393730926143
2025;1;"CLF";38,3865409973969;0,569723032147554;38415,8543346774;1;37,0685637125328
2025;1;"CLP";0,000999236946885911;1,4830414213469e-05;1;2,60309191951854e-05;0,000964928786682522
2025;1;"EUR";1,03555512145237;0,0153694390903776;1036,34590842507;0,026977036600474;1
2025;1;"USD";1;0,0148417392488213;1000,76363580877;0,0260507973372181;0,965665640856947
2025;1;"UTM";67,3775480915701;1;67429;1,75523885041216;65,0641831572158
2025;2;"CLF";40,2116338529527;0,571629764142632;38467,2533482143;1;38,6004440815664
2025;2;"CLP";0,00104534715512303;1,48601658394508e-05;1;2,59961373105528e-05;0,00100346244459271
2025;2;"EUR";1,041740187444;0,0148088908753154;996,549502563477;0,0259064377054032;1
2025;2;"USD";1;0,0142155319088249;956,620004272461;0,0248684249850885;0,959932248033537
2025;2;"UTM";70,3455914568493;1;67294;1,74938406417634;67,5270017464221
2025;3;"CLF";41,6140939876181;0,570410420456873;38807,3025453629;1;38,5624857247471
2025;3;"CLP";0,00107232637308337;1,4698533086398e-05;1;2,57683460176361e-05;0,000993691475455436
2025;3;"EUR";1,07913411714828;0,014791847821439;1006,34857468378;0,0259319382868065;1
2025;3;"USD";1;0,0137071450030029;932,5519031343;0,0240303201193697;0,926668876564298
2025;3;"UTM";72,9546524663541;1;68034;1,75312365296385;67,6048058411351
2025;4;"CLF";40,5247893924403;0,570712833532803;38983,1108072917;1;36,2243025859258
2025;4;"CLP";0,00103954734635647;1,46400023424004e-05;1;2,56521344574931e-05;0,000929230680563085
2025;4;"EUR";1,11871827749654;0,0157549709115599;1076,15904308501;0,0276057764708638;1
2025;4;"USD";1;0,0140830548927977;961,95714750744;0,0246762540902074;0,893880094850863
2025;4;"UTM";71,0073210402251;1;68306;1,75219469625353;63,4720308665421
2025;5;"CLF";41,6008939185912;0,570256399538577;39146,9613155242;1;36,9080452663307
2025;5;"CLP";0,00106268513623033;1,45670667754341e-05;1;2,55447668578924e-05;0,000942807411508959
2025;5;"EUR";1,12714974793156;0,015450734261963;1060,66200561523;0,0270943636484658;1
2025;5;"USD";1;0,0137077919684733;941,012503051758;0,024037945000819;0,887193562199794
2025;5;"UTM";72,9512092319396;1;68648;1,7535971552606;64,721843185267
2025;6;"CLF";41,8206055955631;0,570317298693392;39229,275390625;1;36,336911361295
2025;6;"CLP";0,00106605603032773;1,45380533546558e-05;1;2,54911667381697e-05;0,000926270266260866
2025;6;"EUR";1,15091250270955;0,0156952607507769;1079,59851074219;0,0275202256476088;1
2025;6;"USD";1;0,0136372319475426;938,036999511719;0,0239116575611257;0,868875781300263
2025;6;"UTM";73,3286640460931;1;68785;1,753409904085;63,7135002647536
2025;7;"CLF";41,2444483405192;0,569420296793921;39246,1551159274;1;35,2833676146027
2025;7;"CLP";0,00105091691705058;1,45089447644473e-05;1;2,5480203017242e-05;0,000899027369952057
2025;7;"EUR";1,16894874636199;0,0161384906059323;1112,31318803267;0,0283419658498281;1
2025;7;"USD";1;0,0138059864952664;951,550007213246;0,0242456873648516;0,855469500362786
2025;7;"UTM";72,432346673877;1;68923;1,75617203255737;61,9636634192056
2025;8;"CLF";40,5999108218544;0,571501102590297;39231,8361895161;1;34,9143459427918
2025;8;"CLP";0,00103487154222733;1,45672789779597e-05;1;2,5489502840737e-05;0,000889949320091267
2025;8;"EUR";1,16284323035518;0,0163686612811455;1123,6594909668;0,0286415217870193;1
2025;8;"USD";1;0,0140764127561252;966,303506469727;0,0246305959731742;0,85996114858454
2025;8;"UTM";71,0408267592793;1;68647;1,74977790150807;61,0923509763052
2025;9;"CLF";41,1008971100962;0,569868847978176;39471,9657552083;1;35,0394569182164
2025;9;"CLP";0,00104126805756242;1,44373059987006e-05;1;2,5334436247783e-05;0,000887704887451493
2025;9;"EUR";1,17298898798653;0,0162636324332387;1126,50050048828;0,028539255112716;1
2025;9;"USD";1;0,0138651194510835;960,367498779297;0,0243303691722669;0,852522922415947
2025;9;"UTM";72,1234320070612;1;69265;1,75478972670269;61,4868790293276
2025;10;"CLF";41,4342758308781;0,5706661103016;39527,1881300403;1;35,5632150978258
2025;10;"CLP";0,0010482474921961;1,44373059987006e-05;1;2,5299042186105e-05;0,000899715279033422
2025;10;"EUR";1,16508801909227;0,016046527535034;1111,46272971413;0,0281189424873213;1
2025;10;"USD";1;0,0137728028029471;953,973186146129;0,0241346078807239;0,858304251363867
2025;10;"UTM";72,6068625469626;1;69265;1,75233815702056;62,3187788022499
2025;11;"CLF";42,3614108738325;0,569978810017687;39637,46640625;1;36,6467608052757
2025;11;"CLP";0,00106872145761448;1,43797992580024e-05;1;2,52286558820601e-05;0,000924548517548469
2025;11;"EUR";1,15593874991904;0,0155533203342663;1081,60900268555;0,0272875413276919;1
2025;11;"USD";1;0,0134551422688751;935,697503662109;0,0236063903295941;0,865097739884606
2025;11;"UTM";74,3210276054262;1;69542;1,75445118735023;64,2949530073556
2025;12;"CLF";43,3054782422188;0,570516767077867;39674,877016129;1;36,9990503245441
2025;12;"CLP";0,00109150882117704;1,43797992580024e-05;1;2,52048670394988e-05;0,00093255614401786
2025;12;"EUR";1,17044837265705;0,0154197678608903;1072,32149658203;0,0270277207449465;1
2025;12;"USD";1;0,0131742400785143;916,163003540039;0,0230917666907346;0,85437343787312
2025;12;"UTM";75,9057064422934;1;69542;1,75279686366083;64,85181936729
2026;1;"CLF";44,9532271877092;0,569699526073392;39737,1116431452;1;38,3181187501188
2026;1;"CLP";0,0011312655935189;1,43367120184657e-05;1;2,51653922152267e-05;0,000964290487296372
2026;1;"EUR";1,17315851231788;0,0148676277608651;1037,0319039481;0,0260973146025573;1
2026;1;"USD";1;0,0126731618999126;883,965715680804;0,022245343939921;0,852399730727128
2026;1;"UTM";78,9069064135365;1;69751;1,75531127240428;67,2602257794092
2026;2;"CLF";46,0832863631126;0,570667197507783;39724,7142857143;1;38,9617460832813
2026;2;"CLP";0,00116006589831371;1,43655456752525e-05;1;2,51732458742848e-05;0,000980793613845894
2026;2;"EUR";1,18278288310305;0,0146468589032938;1019,58249511719;0,0256662008387018;1
2026;2;"USD";1;0,0123833876128369;862,019995117187;0,0216998412856348;0,845463706218406
2026;2;"UTM";80,7533472475157;1;69611;1,75233481855484;68,2740242534265
2026;3;"CLF";43,8322989628798;0,56998023313711;39835,3485137195;1;37,8477666016284
2026;3;"CLP";0,00110033677621231;1,43084033252729e-05;1;2,5103332525272e-05;0,000950105070339561
2026;3;"EUR";1,15812114950513;0,015059811563956;1052,51517039332;0,0264216383102768;1
2026;3;"USD";1;0,0130036581841123;908,812666829427;0,0228142265785983;0,863467522743457
2026;3;"UTM";76,9014369527018;1;69889;1,75444680685873;66,4018932609616
2026;4;"CLF";44,4863888634561;0,571530774841773;39943,7143229167;1;38,0476724228441
2026;4;"CLP";0,00111372689339342;1,43084033252729e-05;1;2,50352281191405e-05;0,000952532158508235
2026;4;"EUR";1,16922760396629;0,0150214385913032;1049,83332170759;0,0262828166960246;1
2026;4;"USD";1;0,0128473177851319;897,886192685082;0,0224787856588976;0,855265473213062
2026;4;"UTM";77,8372588523726;1;69889;1,74968705801861;66,571520025982
2026;5;"CLF";44,9645858901995;0,571795718884755;40361,9162046371;1;38,492130450865
2026;5;"CLP";0,00111403496459946;1,41667138890463e-05;1;2,4775830635244e-05;0,000953674504840351
2026;5;"EUR";1,16815009622802;0,0148548732477837;1048,57579281456;0,0259793362509902;1
2026;5;"USD";1;0,012716579227062;897,637894479852;0,0222397244454099;0,856054374544008
2026;5;"UTM";78,637500081147;1;70588;1,7488763328806;67,3179759476707
